gender,SeniorCitizen,Partner,Dependents,tenure,PhoneService,MultipleLines,InternetService,OnlineSecurity,OnlineBackup,DeviceProtection,TechSupport,StreamingTV,StreamingMovies,Contract,PaperlessBilling,PaymentMethod,MonthlyCharges,TotalCharges,Churn
0,0,0,0,-0.6007306346600496,1,0,2,1,1,1,1,1,1,1,0,0,-1.4815050431672856,-0.8421555168317242,0
1,0,1,0,1.1648259697780095,1,2,0,0,2,2,0,2,2,1,1,2,0.5241350235890399,1.228376789525372,0
1,0,1,1,-0.5204780617310469,0,1,0,2,2,0,0,0,0,0,1,3,-0.9775837910022988,-0.7127148367842894,0
1,0,1,0,0.763563105132996,1,0,0,2,2,2,2,2,2,2,1,1,0.6597417392879231,0.9543440382108757,0
0,0,0,0,0.12154252170097453,1,2,1,0,0,0,2,0,0,0,0,1,0.532505808508724,0.2909295512372256,0
1,0,1,0,-1.2026249316275697,1,0,1,0,0,2,0,0,0,0,0,2,0.41029234868133546,-0.9194231027091949,1
0,0,0,0,-0.038962624157030785,1,2,1,0,0,0,0,0,0,0,1,2,0.3985732497937774,0.016716426217733626,0
1,1,1,0,-1.242751218092071,1,2,1,0,0,0,0,0,0,0,1,2,0.34332606932386217,-0.9543254146258348,1
0,0,0,0,-1.2026249316275697,1,0,1,0,0,0,0,2,2,0,1,2,0.8790563041836486,-0.9120277808043772,1
1,0,0,1,0.12154252170097453,1,0,1,0,0,2,0,2,0,1,1,2,0.7032698208702812,0.3787264521438118,1
0,0,1,1,-0.35997291587304153,1,2,1,2,0,0,0,0,0,1,0,1,0.5927754599304499,-0.1713006145270076,0
1,0,1,0,-0.038962624157030785,1,2,1,2,2,0,2,0,0,0,1,1,0.8840787751354588,0.3332497317718076,0
0,0,0,0,-1.242751218092071,1,2,1,0,0,0,0,2,2,0,0,3,1.0548427874970159,-0.944743061547946,1
0,0,0,0,-0.6809832075890522,1,2,1,0,2,0,0,2,2,0,1,2,1.2055169160513308,-0.34980294233323334,0
1,0,0,0,-0.5204780617310469,1,0,0,0,0,2,2,0,0,0,1,1,-0.306246840443629,-0.5159722180603882,1
0,0,0,1,-0.6007306346600496,1,2,0,0,0,2,0,0,0,1,1,3,-0.27778617171670283,-0.5651240526716768,1
0,0,1,1,0.8036893915974973,1,0,1,2,0,2,2,0,0,0,1,0,0.6664383672236706,0.9632274431819067,0
1,0,0,0,-0.9618672128405615,1,0,0,0,2,0,2,2,0,0,1,2,0.0838317368136531,-0.7529607197114224,0
0,0,1,1,1.6062151208875237,1,0,1,2,2,2,2,2,2,2,1,0,1.4901236033205922,2.4962010152260015,0
0,1,1,0,0.8839419645265,1,0,2,1,1,1,1,1,1,2,1,3,-1.5133140258620852,-0.522916605702717,0
0,0,1,1,-1.1624986451630681,1,2,0,0,2,2,0,2,0,0,1,0,0.16753958601049468,-0.8819053720701195,0
0,0,0,1,-0.8816146399115589,0,1,0,2,2,0,2,0,0,1,0,3,-0.8001231507049946,-0.8023380214539555,0
1,1,0,0,0.24192138109447855,1,2,1,0,0,0,0,2,2,0,0,2,1.0247079617861528,0.6593879371168948,0
1,0,1,1,1.5660888344230226,1,2,0,2,2,0,2,0,0,1,1,1,0.09052836474940008,1.1534766085259678,0
1,0,0,1,1.365457402100516,1,2,2,1,1,1,1,1,1,2,1,1,-1.3006960889021077,-0.2331011552011095,0
0,0,0,0,0.643184245739492,1,0,0,2,2,0,0,0,0,2,0,1,-0.2895052706042606,0.19688721079516816,0
0,0,1,1,-0.6007306346600496,1,2,1,0,0,0,0,0,2,0,1,2,0.713314762773902,-0.33329874832614015,1
1,1,1,0,-1.2026249316275697,1,0,1,0,0,2,0,0,0,0,1,2,0.3366294413881147,-0.9246990335803149,0
0,0,0,0,-0.7612357805180548,1,0,2,1,1,1,1,1,1,2,1,3,-1.4647634733279173,-0.8700458009666618,0
1,0,1,1,-1.242751218092071,1,0,2,1,1,1,1,1,1,1,0,3,-1.4898758280869697,-0.9790140654971011,0
0,0,1,0,-1.242751218092071,0,1,0,0,0,0,0,0,2,0,0,2,-0.9759096340183621,-0.9720922245678969,0
1,1,1,0,0.20179509462997725,1,2,1,0,0,0,0,2,0,0,1,2,0.7216855476935863,0.44210526273662487,1
0,0,1,1,1.2852048291715132,1,2,1,2,2,2,2,2,2,1,0,2,1.6474943598106542,2.2691105206365982,0
0,0,0,0,1.0043208239200043,1,0,0,0,2,2,2,2,0,2,0,3,0.18762946981773648,0.7682434680817121,0
0,0,0,0,-0.7211094940535535,1,2,0,0,2,0,0,0,0,1,1,3,-0.33135919520268153,-0.6392125519986008,0
0,1,1,0,0.9641945374555025,1,2,1,2,2,2,2,0,0,1,0,2,1.0548427874970159,1.4795246270185574,0
0,0,0,0,-1.2026249316275697,1,0,0,0,2,0,0,2,0,0,1,2,-0.1723142817286824,-0.9364007776919016,0
1,0,0,0,0.28204766755897986,1,2,0,0,0,0,2,0,0,2,1,1,-0.3447524510741761,0.004496107704284725,0
1,0,1,1,-1.0822460722340657,1,0,2,1,1,1,1,1,1,1,0,2,-1.4597410023761068,-0.9430295113504883,0
1,1,0,0,-0.6007306346600496,1,0,1,0,2,2,0,2,2,0,1,2,1.260764096521246,-0.1976351754563585,0
1,0,0,0,-0.5606043481955483,1,2,0,2,0,2,0,2,0,0,0,3,0.17925868489805238,-0.4470243693258372,0
0,0,1,0,-0.1994677700150361,1,2,1,0,0,2,0,0,2,0,0,0,0.8706855192639644,0.10491916796055983,0
1,0,1,0,1.1648259697780095,1,0,2,1,1,1,1,1,1,1,1,1,-1.4597410023761068,-0.4233052271189218,0
0,1,0,0,1.2450785427070121,1,2,0,2,2,2,2,2,0,1,0,0,0.6312810705609971,1.376395961187349,0
0,0,0,0,0.48267909988148655,1,2,1,0,2,2,0,0,0,0,1,0,0.691550721982723,0.7538812118214411,1
1,0,0,0,0.001163662307470518,1,2,1,2,0,0,2,0,0,0,0,0,0.7869776700671228,0.259589619994248,0
0,0,1,0,0.5629316728104893,1,0,0,0,2,0,0,2,2,0,1,1,0.1658654290265575,0.4406848198097848,0
0,0,0,0,0.32217395402348126,1,0,0,2,2,0,0,2,0,0,0,3,0.031932870311610885,0.17824107904125275,0
1,0,1,1,1.2450785427070121,0,1,0,2,2,2,0,2,2,2,0,2,-0.1723142817286824,0.684008947848788,0
0,0,0,0,-1.001993499305063,1,2,1,0,0,0,0,0,0,0,1,0,0.36676426709897747,-0.7385308233117781,1
0,1,1,0,0.7234368186684946,1,2,2,1,1,1,1,1,1,1,0,2,-1.3040444028699811,-0.3988194966657753,0
1,1,1,0,1.6062151208875237,1,2,1,0,2,2,0,2,2,2,1,0,1.3394494747662773,2.4797870080714057,1
1,0,0,0,-1.242751218092071,1,0,2,1,1,1,1,1,1,0,0,3,-1.4848533571351592,-0.9789464253577279,1
1,1,1,0,1.6062151208875237,1,2,1,2,2,2,2,2,2,0,1,1,1.632426946955223,2.6473316332991517,0
0,0,0,0,0.763563105132996,1,2,1,2,2,2,0,2,2,1,0,0,1.449943835706108,1.5738375280181078,0
1,0,1,0,0.7234368186684946,1,2,1,2,0,2,0,2,2,1,1,2,1.33275284683053,1.371097483603105,0
0,0,0,0,-1.2026249316275697,1,0,1,0,0,0,0,0,0,0,1,2,0.2278092374322206,-0.9256685422446661,1
1,0,0,0,-1.242751218092071,1,0,2,1,1,1,1,1,1,0,0,3,-1.4630893163439802,-0.9786533180871103,0
0,0,0,0,-0.35997291587304153,1,2,1,0,2,0,0,2,2,0,1,1,1.1569663635171625,0.026321326008746825,0
1,1,1,0,-1.0421197857695643,1,2,1,0,0,2,0,0,0,0,1,2,0.5576181632677765,-0.781752872371338,0
0,0,1,1,-0.6408569211245508,1,0,2,1,1,1,1,1,1,0,0,2,-1.4647634733279173,-0.8429446517910798,0
0,0,1,1,1.0845733968490068,1,2,1,0,2,0,2,0,2,0,1,0,1.0883259271757526,1.5286990083429703,0
1,0,1,0,1.1246996833135081,1,0,0,2,2,0,2,0,0,2,1,3,-0.09362890348365122,0.7104336956306366,0
0,0,0,0,-0.40009920233754287,1,0,2,1,1,1,1,1,1,0,1,3,-1.476482572215475,-0.7758456335327335,0
0,0,0,0,-1.242751218092071,1,0,0,2,2,0,0,0,0,0,1,2,-0.3095951544115027,-0.9631186327443679,1
1,0,1,1,-0.6809832075890522,1,0,1,2,0,0,0,0,0,0,0,3,0.36676426709897747,-0.46860157378593054,0
1,0,1,1,0.48267909988148655,1,0,2,1,1,1,1,1,1,1,1,0,-1.4614151593600435,-0.5977942399889966,0
0,1,0,0,0.12154252170097453,0,1,0,0,0,2,0,2,0,0,1,2,-0.8135164065764893,-0.34096463078845124,0
0,0,0,0,-1.242751218092071,1,2,1,0,0,0,0,0,0,0,1,2,0.34667438329173567,-0.954280321199586,1
0,0,0,0,1.0845733968490068,1,2,1,0,2,2,0,0,0,0,1,2,0.6396518554806814,1.2438438347287408,0
1,0,1,0,0.5228053863459879,1,0,0,2,0,2,0,0,0,2,0,1,-0.3631681778974814,0.04758287648509793,0
0,0,1,0,-1.001993499305063,1,0,0,0,0,0,0,0,0,0,1,3,-0.666190591990048,-0.8465295791778664,0
0,0,0,0,-0.8414883534470575,1,0,1,2,0,0,0,0,0,0,0,2,0.41029234868133546,-0.6096763578055788,0
1,0,0,0,1.4055836885650173,1,0,2,1,1,1,1,1,1,2,0,0,-1.4614151593600435,-0.34261054084653564,0
0,0,1,0,1.2852048291715132,1,2,1,2,0,2,0,2,0,2,1,1,1.019685490834342,1.6945977235126315,0
1,0,1,1,1.6062151208875237,1,2,1,2,2,2,2,2,2,2,1,1,1.6709325575857699,2.830726597853382,0
1,0,1,1,-0.7211094940535535,1,0,2,1,1,1,1,1,1,1,0,3,-1.4865275141190961,-0.848378409654071,0
0,0,1,1,1.48583626149402,1,2,1,0,2,2,0,2,2,0,1,2,1.33275284683053,2.3701874355734818,1
0,0,1,1,0.08141623523647323,1,2,1,0,0,2,0,2,0,0,0,2,0.7802810421313754,0.3081777867774256,1
0,0,1,1,0.9641945374555025,1,0,1,0,0,0,0,2,2,1,0,0,0.8288315946655436,1.2523664922897806,0
0,1,0,0,0.32217395402348126,1,2,1,0,0,2,2,2,2,1,1,1,1.3260562188947826,0.9008181412534445,0
0,0,1,1,0.28204766755897986,1,0,2,1,1,1,1,1,1,2,1,0,-1.4831792001512223,-0.6024163161795077,0
1,0,1,1,-0.2395940564795374,1,2,0,0,0,2,2,2,2,1,1,1,0.5977979308822605,-0.04853376156440828,0
1,0,1,1,1.4055836885650173,0,1,0,2,0,0,0,2,2,2,0,1,-0.4435277131264493,0.49193349874164677,0
0,1,0,0,0.6030579592749906,1,2,1,0,2,0,2,2,0,0,1,2,1.0347529036897736,1.0433810083393062,1
0,0,1,1,-0.9618672128405615,1,0,2,1,1,1,1,1,1,2,0,3,-1.4948982990387802,-0.914755933092435,0
1,0,0,0,0.9240682509910013,1,0,0,2,0,2,2,0,0,2,1,2,-0.165617653792935,0.4442246537703225,0
1,1,1,0,1.5259625479585213,1,2,0,2,2,2,2,2,2,2,1,1,0.8171124957779855,1.8559420026311555,0
0,0,1,1,0.40242652695248393,1,2,1,2,2,0,0,2,0,1,1,1,1.0146630198825317,0.7815009353988853,0
1,0,1,1,1.48583626149402,1,2,1,0,0,2,0,0,0,2,1,1,0.504045139781798,1.456481886205375,0
0,0,1,0,1.5660888344230226,1,2,2,1,1,1,1,1,1,2,0,1,-1.2906511469984867,-0.13639830261036778,0
1,0,0,0,-1.2026249316275697,1,2,2,1,1,1,1,1,1,0,0,3,-1.315763501757539,-0.959916999480697,0
1,0,1,0,0.001163662307470518,1,0,0,2,2,0,2,0,2,1,0,3,0.212741824576789,0.004969588679898124,0
1,0,0,0,0.5629316728104893,1,2,1,0,2,2,0,2,0,1,1,1,1.0297304327379633,1.006584772520213,0
1,0,0,1,-0.7612357805180548,1,0,0,0,0,0,0,2,2,0,0,1,0.07546095189396888,-0.6128103509298766,0
0,0,1,0,1.48583626149402,1,0,1,0,2,0,0,2,2,1,1,1,1.0548427874970159,2.053315929322541,0
1,0,1,0,-0.9217409263760601,1,0,0,2,2,0,2,2,0,0,1,3,0.1608429580747473,-0.7200876119759827,0
0,0,0,0,0.643184245739492,1,2,2,1,1,1,1,1,1,1,0,0,-1.3258084436611601,-0.4449726184315128,0
1,1,1,0,1.6062151208875237,1,2,1,2,2,2,0,0,2,2,1,1,1.2892247652481725,2.416814038314833,0
1,0,0,0,0.8839419645265,1,0,2,1,1,1,1,1,1,2,0,1,-1.4898758280869697,-0.533017533182468,0
0,0,0,0,0.16166880816547585,1,0,2,1,1,1,1,1,1,1,0,3,-1.4932241420548433,-0.7079574803150316,0
0,0,0,0,-1.2026249316275697,1,0,0,2,0,0,0,2,2,0,1,2,0.22111260949647318,-0.9216326805953905,1
1,1,0,0,-1.242751218092071,1,2,1,0,0,2,0,2,0,0,1,2,0.8254832806976696,-0.9478319612459948,1
1,0,1,1,-1.2026249316275697,1,0,0,2,2,0,2,0,0,2,0,3,-0.155572711889314,-0.9290280025002083,0
1,0,0,0,1.0845733968490068,1,0,2,1,1,1,1,1,1,2,1,0,-1.4714601012636646,-0.4502260025895084,0
0,0,1,1,-0.2395940564795374,1,0,2,1,1,1,1,1,1,2,0,1,-1.4898758280869697,-0.764707557249258,0
1,0,0,0,0.8036893915974973,1,2,1,2,0,2,2,2,2,2,1,2,1.5118876441117708,1.5966097082737964,0
1,0,1,0,0.24192138109447855,1,0,1,2,2,0,0,0,0,0,1,2,0.5124159247014822,0.3708125558371319,1
1,0,0,0,1.4457099750295186,1,2,1,2,2,2,0,2,0,1,0,0,1.245696683665814,2.2186058832378426,0
0,0,1,1,-0.7612357805180548,1,0,1,0,0,0,0,2,2,0,0,2,0.8104158678422381,-0.4364725075835974,1
1,0,1,0,1.5259625479585213,1,0,2,1,1,1,1,1,1,2,0,1,-1.4831792001512223,-0.34132537819844233,0
1,1,0,0,-1.242751218092071,1,0,1,0,0,0,0,0,0,0,1,0,0.17925868489805238,-0.9565349925120303,1
1,0,1,1,0.8036893915974973,1,0,2,1,1,1,1,1,1,2,0,3,-1.504943240942401,-0.5122520103948549,0
1,0,1,0,-0.7211094940535535,1,2,1,0,0,0,0,0,2,0,1,2,0.7032698208702812,-0.47417061192766824,1
1,0,0,0,0.8036893915974973,1,0,1,0,2,2,2,2,2,1,1,0,1.3679101434932033,1.4592776786328063,1
1,0,1,1,1.6062151208875237,1,0,1,2,2,2,2,2,2,2,0,0,1.6006179642604235,2.6345251002444674,0
1,0,1,1,1.2049522562425108,1,0,2,1,1,1,1,1,1,2,0,0,-1.4630893163439802,-0.4028553583150509,0
0,1,1,0,0.48267909988148655,1,2,1,0,0,2,2,2,2,0,0,2,1.3394494747662773,1.039367693403155,0
0,0,1,0,1.0043208239200043,0,1,0,2,0,2,2,0,2,0,1,0,-0.4770108528051859,0.26680456819407017,0
0,0,1,1,1.5259625479585213,1,2,1,2,2,2,2,2,2,2,1,1,1.7077640112323806,2.7323327417783068,0
0,0,1,0,1.48583626149402,1,2,2,1,1,1,1,1,1,1,1,2,-1.267212949223371,-0.1926298051427319,0
0,0,0,0,-0.44022548880204415,1,2,1,0,0,0,0,2,2,0,1,2,1.1117641249508678,-0.03211975440981268,1
0,0,0,0,-1.2026249316275697,1,0,2,1,1,1,1,1,1,0,0,3,-1.468111787295791,-0.9692964321404659,0
0,0,0,0,0.5629316728104893,1,0,1,2,2,2,0,2,0,1,1,1,1.0548427874970159,1.1153726633456569,0
1,0,1,1,-1.001993499305063,1,0,0,2,0,2,2,0,2,0,1,1,0.241202493303715,-0.7553055778763647,0
0,0,0,0,1.3253311156360146,1,2,1,2,2,2,0,2,2,0,1,1,1.5704831385495601,2.216914879753509,0
1,1,1,0,-0.5606043481955483,1,0,0,2,0,0,0,0,2,0,1,1,-0.16896596776080872,-0.5319578376656192,0
0,0,0,1,-1.242751218092071,1,0,0,2,2,0,2,0,0,0,1,2,-0.1388311420499457,-0.9608188680056747,1
0,0,0,0,-1.242751218092071,1,0,0,2,0,0,0,0,0,0,1,1,-0.5205389343875435,-0.965959518598048,1
0,1,0,0,-0.1192151970860334,1,2,0,2,2,0,0,0,0,0,1,0,-0.1873816945841139,-0.2127414732497362,0
0,1,1,1,0.5629316728104893,1,2,1,2,2,0,2,2,2,0,1,2,1.5420224698226341,1.2542153227659854,0
1,0,0,0,0.8839419645265,1,0,0,2,2,0,2,2,0,0,1,3,0.1926519407695472,0.7632380977680855,0
0,0,1,1,0.6833105322039933,1,0,0,0,2,2,0,2,2,1,0,1,0.4638653721673139,0.7365878828549921,0
0,0,1,1,-0.27972034294403886,1,0,2,1,1,1,1,1,1,2,1,3,-1.5216848107817693,-0.8148739939511466,0
0,1,1,0,0.8438156780619986,1,2,1,0,0,0,0,2,2,1,1,1,1.0615394154327629,1.2741240704548695,0
0,0,1,1,1.5259625479585213,1,0,0,2,0,0,2,2,2,2,0,1,0.3751350520186616,1.464192862093935,0
0,0,0,0,0.40242652695248393,1,2,0,0,0,2,2,2,2,2,1,1,0.4789327850227455,0.5333067173250021,0
1,0,0,0,-0.7612357805180548,1,0,2,1,1,1,1,1,1,2,0,1,-1.478156729199412,-0.8668216209898664,0
0,0,1,0,-1.0822460722340657,1,2,0,0,0,2,2,2,0,0,0,0,0.12735981839601068,-0.829912651605151,1
1,0,0,0,-0.8816146399115589,1,2,1,2,0,0,0,2,2,0,0,2,1.1519438925653518,-0.5330851733218415,1
1,0,0,0,-0.27972034294403886,1,2,1,0,0,0,0,2,2,0,1,0,1.0230338048022163,0.07727689766999103,1
0,0,0,0,-1.242751218092071,1,0,0,0,0,0,0,0,0,0,1,2,-0.6193141964398168,-0.9672897746723903,1
0,0,0,0,-1.242751218092071,1,0,1,2,2,0,2,0,0,0,1,3,0.644674326432492,-0.9502670062634347,0
0,0,1,0,1.1246996833135081,0,1,0,0,2,2,2,2,2,2,0,1,-0.11204463030695651,0.6370441444105703,0
0,0,1,0,0.6833105322039933,1,0,2,1,1,1,1,1,1,2,1,0,-1.4731342582476015,-0.5489580593614503,0
1,0,0,0,-1.242751218092071,1,0,0,2,0,0,0,0,0,0,0,3,-0.4318086142388914,-0.9647645428024525,0
0,0,0,0,-1.001993499305063,1,0,2,1,1,1,1,1,1,0,0,3,-1.476482572215475,-0.9135384105837151,1
1,0,1,0,1.2450785427070121,1,0,1,2,2,2,2,2,2,2,1,1,1.53867415585476,2.0359549602167193,0
1,0,1,0,-0.5606043481955483,1,2,1,0,0,0,0,2,2,0,1,2,1.0230338048022163,-0.22672043538689168,1
1,0,1,0,0.24192138109447855,0,1,0,2,2,0,2,2,2,2,1,0,-0.1388311420499457,0.0011141007356180244,0
0,0,1,1,1.5259625479585213,1,0,2,1,1,1,1,1,1,2,0,0,-1.4848533571351592,-0.3661493093484555,0
1,0,1,0,0.8036893915974973,1,0,1,2,2,2,2,2,2,2,1,2,1.4114382250755608,1.4864013745215128,0
1,0,1,0,0.5629316728104893,1,0,2,1,1,1,1,1,1,0,0,2,-1.4915499850709064,-0.6040396795244677,0
1,0,0,0,-0.44022548880204415,1,2,1,2,0,2,0,2,2,0,0,3,1.3294045328626563,0.010944467657875826,0
1,0,1,1,0.5228053863459879,1,2,1,0,2,2,2,2,2,2,1,0,1.5269550569672026,1.221996069711154,0
0,0,0,0,1.5660888344230226,1,2,1,2,2,2,2,2,2,2,0,3,1.5788539234692442,2.613241003054992,0
0,0,0,0,-1.242751218092071,1,2,1,0,0,0,0,0,2,0,0,3,0.7250338616614597,-0.9491847640334615,1
0,0,0,0,1.4055836885650173,1,2,1,2,2,2,0,2,0,0,1,1,1.2992697071517934,2.117371141309088,1
0,0,1,1,-0.1593414835505348,1,0,1,0,0,0,0,0,0,1,1,0,0.2093935106089156,-0.089523686024648,0
1,0,1,1,0.9641945374555025,1,0,0,2,2,2,0,0,0,2,1,0,-0.1455277699856931,0.5712077420871929,0
0,0,1,0,1.6062151208875237,1,2,2,1,1,1,1,1,1,2,0,0,-1.2889769900145498,-0.13696197043847888,0
1,1,1,1,-0.8816146399115589,0,1,0,0,0,0,0,0,2,0,1,0,-0.9909770468737937,-0.8243661601765377,0
1,0,1,1,1.1246996833135081,1,0,1,0,2,2,0,2,0,1,0,2,0.8974720310069536,1.471249983301886,1
1,1,1,1,1.5660888344230226,1,2,1,2,2,0,0,2,2,0,1,1,1.3712584574610769,2.4158219829373575,1
1,0,0,0,1.5259625479585213,1,2,1,2,2,2,2,2,2,2,1,0,1.7010673832966332,2.489391907862419,0
0,0,0,0,0.12154252170097453,1,0,0,0,0,2,0,0,2,0,1,2,-0.06851654872459871,-0.04267161615205268,0
0,1,0,0,-0.44022548880204415,1,2,1,0,0,0,0,2,2,0,1,0,1.0464720025773318,-0.0746879487887637,0
0,1,0,0,1.5259625479585213,1,2,0,0,2,2,2,2,0,2,1,0,0.3801575229704723,1.3626875596076866,0
1,0,0,0,-0.1994677700150361,1,0,2,1,1,1,1,1,1,2,0,1,-1.4831792001512223,-0.7759358203852312,0
1,0,0,0,-1.242751218092071,1,0,0,0,0,0,0,0,0,0,1,3,-0.6226625104076905,-0.9673348680986391,0
0,1,1,0,1.1246996833135081,1,2,1,0,0,2,0,2,2,1,1,1,1.2172360149388886,1.7308077447904893,0
1,1,0,0,0.04128994877197183,1,2,1,0,2,2,0,0,0,0,1,1,0.6597417392879231,0.23699781344355475,1
0,0,0,0,-0.8816146399115589,1,0,1,2,0,0,0,2,0,0,1,3,0.6882024080148496,-0.6126750706511299,1
1,1,1,0,0.763563105132996,0,1,0,0,2,0,0,0,0,0,1,1,-1.1617410592353505,-0.3298040077918513,0
1,0,1,1,0.28204766755897986,1,0,0,2,2,2,0,0,0,1,0,2,-0.1455277699856931,0.06904734737956883,0
0,0,1,1,-0.1994677700150361,1,0,1,2,0,0,0,0,0,0,0,3,0.34332606932386217,-0.0984747311350524,0
0,0,0,0,-0.48035177526654543,1,0,1,2,0,2,0,2,0,0,1,0,0.8455731645049119,-0.14410927849892768,0
0,0,1,1,1.6062151208875237,1,2,0,2,2,2,2,2,0,2,0,0,0.5375282794605346,1.5888536389589878,0
1,1,1,0,-0.35997291587304153,1,0,2,1,1,1,1,1,1,1,1,2,-1.4530443744403594,-0.7690816195954001,0
0,0,0,0,-1.2026249316275697,1,0,2,1,1,1,1,1,1,0,0,1,-1.466437630311854,-0.9720471311416481,0
0,1,1,0,0.24192138109447855,1,0,1,2,0,0,0,0,2,0,1,2,0.6463484834164288,0.4312828404368916,0
1,0,1,1,1.6062151208875237,0,1,0,2,0,2,2,2,2,2,0,0,-0.10702215935514581,1.0634475830200618,0
1,1,1,0,1.6062151208875237,1,2,1,2,2,2,0,2,2,2,1,0,1.5202584290314551,2.5838400891407165,0
0,0,0,0,-0.6809832075890522,1,0,2,1,1,1,1,1,1,0,0,0,-1.4982466130066538,-0.857419641616973,1
0,0,1,0,0.9641945374555025,1,2,1,2,0,0,0,2,2,1,1,2,1.1335281657420468,1.388819200118918,0
1,0,1,1,-0.8816146399115589,1,0,2,1,1,1,1,1,1,1,0,3,-1.4630893163439802,-0.8785684585277018,0
1,0,0,0,1.365457402100516,1,2,1,2,2,2,2,2,2,1,1,0,1.6793033425054542,2.3416883901841845,0
0,1,0,0,-1.2026249316275697,1,2,1,0,0,0,0,2,2,0,1,2,0.9945731360752895,-0.9108328050087817,1
0,0,1,0,0.6833105322039933,1,0,2,1,1,1,1,1,1,1,0,0,-1.4630893163439802,-0.58162824667877,0
0,1,0,0,-1.0822460722340657,1,0,1,0,0,2,0,2,0,0,1,3,0.6932248789666599,-0.8004891909777512,1
1,1,1,1,0.24192138109447855,1,2,1,0,2,0,0,2,2,0,0,2,1.2390000557300676,0.6994534463390323,0
1,0,0,0,-0.6809832075890522,1,0,2,1,1,1,1,1,1,0,0,3,-1.4865275141190961,-0.847363807563471,0
1,1,1,0,-0.0790889106215321,1,0,0,0,2,0,0,0,0,0,1,0,-0.4602692829658176,-0.2990728378032336,1
0,0,1,0,1.6062151208875237,1,2,0,2,2,2,2,2,0,2,0,1,0.504045139781798,1.4480268687837083,0
1,0,1,0,-1.1624986451630681,1,0,0,0,0,2,2,0,0,0,1,3,-0.2794603287006398,-0.9181830334873505,0
0,0,0,0,-1.0822460722340657,1,0,1,0,0,0,0,0,2,0,1,2,0.5308316515247873,-0.8018645404783422,1
0,0,0,0,-1.122372358698567,0,1,0,2,2,0,0,0,0,0,1,2,-1.0211118725846566,-0.9257136356709149,1
1,0,0,0,-0.7612357805180548,1,0,1,0,0,2,0,2,0,0,1,2,0.6379776984967446,-0.509614044959295,1
1,0,1,0,1.6062151208875237,1,2,1,0,2,2,2,2,2,2,1,1,1.5269550569672026,2.5108789254700143,0
1,0,0,0,-1.242751218092071,1,0,2,1,1,1,1,1,1,0,1,3,-1.4948982990387802,-0.9790817056364748,0
1,0,0,0,1.6062151208875237,0,1,0,2,2,2,2,2,2,2,1,0,-0.014943525238620017,1.025456371405373,0
0,0,0,0,-1.242751218092071,1,0,1,0,0,0,0,0,0,0,0,2,0.241202493303715,-0.9557007641264259,1
1,0,0,0,-0.5204780617310469,1,0,1,0,0,2,2,2,0,0,0,3,0.863988891328217,-0.229223120543705,0
1,1,0,0,1.4055836885650173,1,2,2,1,1,1,1,1,1,2,0,1,-1.307392716837855,-0.23384519673421608,0
0,0,1,1,1.0444471103845054,1,0,1,0,2,2,0,2,0,0,1,2,0.9175619148141955,1.4975169040918637,0
0,0,1,0,1.0444471103845054,1,2,0,0,2,0,2,0,0,2,1,1,-0.14217945601781942,0.5926947596947885,0
1,0,0,0,-1.122372358698567,1,0,1,0,0,0,0,0,2,0,1,2,0.5274833375569138,-0.8416369424298621,1
0,0,0,0,-0.5606043481955483,1,0,1,0,2,2,0,0,0,0,0,2,0.4571687442315665,-0.3752356347376066,0
1,0,0,0,1.2450785427070121,1,0,1,2,2,2,2,2,2,2,0,1,1.5085393301438974,2.1910988932260205,0
0,0,0,0,-1.1624986451630681,0,1,0,0,0,0,0,2,0,0,0,1,-0.9692130060826145,-0.9387456358568439,1
1,1,0,0,1.48583626149402,1,0,2,1,1,1,1,1,1,2,0,1,-1.468111787295791,-0.37627278354133104,0
0,0,1,1,0.08141623523647323,1,2,2,1,1,1,1,1,1,1,1,1,-1.2906511469984867,-0.5743005649133256,0
0,0,0,1,-0.44022548880204415,1,0,2,1,1,1,1,1,1,0,0,3,-1.4530443744403594,-0.7839624502575334,0
1,0,0,0,-0.31984662940854014,1,0,0,0,0,0,2,0,0,0,1,1,-0.4368310851907019,-0.41536878409911754,0
1,1,1,0,0.36230024048798254,1,2,1,0,0,2,0,2,2,0,1,2,1.1937978171637726,0.9327893804639067,1
1,0,0,0,-1.0822460722340657,1,0,2,1,1,1,1,1,1,0,1,3,-1.5032690839584641,-0.9490720304678392,0
0,1,0,0,-1.242751218092071,0,1,0,0,0,0,0,0,0,0,1,3,-1.287302833030613,-0.9762859132090436,1
0,0,0,1,-0.8414883534470575,0,1,0,0,0,0,0,0,0,0,0,2,-1.3040444028699811,-0.843102478782951,0
0,0,0,0,-0.5204780617310469,1,2,2,1,1,1,1,1,1,0,0,0,-1.3207859727093496,-0.7778071975745602,0
0,1,0,0,-0.6809832075890522,1,0,1,0,2,0,0,0,0,0,1,1,0.3734608950347249,-0.4704504042621349,1
1,0,1,1,0.8438156780619986,1,0,2,1,1,1,1,1,1,2,1,3,-1.4982466130066538,-0.4871800654004727,0
0,0,0,0,-1.242751218092071,1,0,2,1,1,1,1,1,1,0,0,1,-1.4798308861833487,-0.9788787852183547,0
1,0,0,0,-1.122372358698567,1,0,0,0,2,0,2,2,0,0,1,0,-0.013269368254683316,-0.8858735935800218,0
1,0,0,0,-0.40009920233754287,1,0,0,0,2,0,2,0,0,1,1,1,-0.3012243694918185,-0.4498878018926417,1
1,0,1,1,1.48583626149402,1,2,2,1,1,1,1,1,1,2,0,0,-1.3291567576290337,-0.2130796739466029,0
0,0,1,1,0.8036893915974973,1,0,2,1,1,1,1,1,1,2,0,3,-1.4999207699905905,-0.5226460451452237,0
0,0,0,0,1.48583626149402,1,2,1,0,0,2,2,2,2,2,0,2,1.3344270038144668,2.1815165401481322,0
1,1,1,0,-0.1192151970860334,1,2,1,0,0,0,0,0,2,0,1,2,0.6748091521433547,0.07531533362816444,0
1,0,1,1,0.8438156780619986,1,2,0,0,0,2,2,2,2,1,1,3,0.4889777269263664,0.7899108593943029,0
0,0,1,1,-0.8816146399115589,1,2,1,0,2,2,0,2,2,0,1,1,1.270809038424867,-0.5058938372937616,1
1,0,1,1,-0.27972034294403886,1,0,1,0,0,0,0,2,2,1,1,2,0.8790563041836486,-0.005469539496719577,1
1,1,0,0,-1.242751218092071,1,0,1,0,0,0,2,0,0,0,0,2,0.3533710112274831,-0.9541901343470883,0
1,0,0,0,-1.242751218092071,0,1,0,0,0,0,2,0,0,0,0,3,-1.1717860011389716,-0.9747301900034567,0
0,0,0,0,-0.35997291587304153,1,2,1,0,0,0,0,2,2,0,1,2,0.9828540371877319,0.06801019857584453,0
0,0,1,1,0.763563105132996,1,0,0,2,2,0,2,0,2,1,1,1,0.18762946981773648,0.6185783863616505,0
1,0,0,1,-0.1994677700150361,1,0,2,1,1,1,1,1,1,2,0,3,-1.45806684539217,-0.7254988231258493,0
1,0,1,0,1.4055836885650173,1,0,0,2,2,0,2,0,2,2,1,1,0.16921374299443148,1.118732123601199,0
1,1,0,0,-0.9618672128405615,1,0,1,2,0,0,2,2,2,0,0,1,1.210539387003141,-0.6125397903723833,1
0,0,1,0,1.2450785427070121,1,2,1,0,2,2,2,2,2,2,1,0,1.510213487127834,2.097146739636461,0
1,1,0,0,-1.0822460722340657,1,0,1,0,0,0,0,2,2,0,1,2,0.8489214784727854,-0.7724636265640669,1
0,0,0,0,-1.242751218092071,1,0,1,0,0,2,0,0,0,0,0,2,0.40861819169739827,-0.9534460928139815,1
1,0,0,0,-1.2026249316275697,1,0,2,1,1,1,1,1,1,0,1,1,-1.4815050431672856,-0.9726784391091325,0
0,1,1,0,1.5259625479585213,1,0,2,1,1,1,1,1,1,2,1,1,-1.4932241420548433,-0.3285864852831312,0
0,1,0,0,0.24192138109447855,1,0,2,1,1,1,1,1,1,2,0,3,-1.4714601012636646,-0.6560323999894363,0
0,0,1,1,0.5629316728104893,1,0,2,1,1,1,1,1,1,2,0,1,-1.4982466130066538,-0.5558122601512813,0
1,0,0,1,0.32217395402348126,0,1,0,2,2,0,2,0,0,1,0,3,-0.8001231507049946,-0.28259119050926484,0
0,0,1,0,1.3253311156360146,1,2,1,0,2,2,2,2,2,2,1,0,1.4566404636418557,2.206024817314403,0
0,0,1,1,0.8438156780619986,1,0,1,0,2,2,2,2,2,0,1,0,1.4767303474490976,1.688465017542783,0
1,0,0,0,0.643184245739492,1,0,2,1,1,1,1,1,1,2,0,1,-1.4731342582476015,-0.5446290904415569,0
1,0,0,0,-1.242751218092071,1,0,1,0,0,0,0,0,0,0,1,2,0.18260699886592588,-0.9564898990857815,1
0,0,1,0,-0.35997291587304153,1,0,0,0,0,2,2,0,0,0,0,2,-0.33135919520268153,-0.4370361754117084,0
0,0,0,0,-0.5606043481955483,1,2,1,0,0,2,2,0,2,0,1,0,1.0347529036897736,-0.2305759233311717,0
0,0,0,0,-1.1624986451630681,1,0,1,2,2,0,0,0,0,0,1,2,0.500696825813924,-0.8767196280514974,1
1,0,1,0,0.6833105322039933,1,0,1,0,2,0,0,2,0,0,1,1,0.7082922918220914,0.9502179897091021,0
1,0,0,0,-1.242751218092071,1,0,2,1,1,1,1,1,1,0,0,3,-1.4798308861833487,-0.9788787852183547,0
1,0,1,0,-0.40009920233754287,1,0,0,2,0,0,2,0,0,1,1,1,-0.2643929158452082,-0.40517766976686864,0
1,0,0,0,-0.31984662940854014,1,0,1,0,0,0,0,2,2,0,1,2,0.8773821471997114,0.021541422826364728,1
0,1,1,1,1.6062151208875237,1,2,0,2,2,2,2,2,2,2,0,1,0.9476967405250587,1.916254460239044,1
1,0,0,0,-1.242751218092071,1,0,2,1,1,1,1,1,1,0,0,3,-1.4413252755528014,-0.9783602108164925,0
0,1,1,0,1.4457099750295186,1,2,1,0,2,0,0,0,2,0,1,0,0.8522697924406589,1.7752698630718935,1
1,0,0,1,-1.242751218092071,1,0,0,0,0,0,0,0,0,0,1,2,-0.6611681210382375,-0.9678534425005013,1
1,1,1,0,-0.8816146399115589,1,2,1,0,0,2,0,0,2,0,1,2,0.8589664203764064,-0.575585727561419,1
1,0,0,0,-1.242751218092071,1,0,2,1,1,1,1,1,1,0,0,3,-1.478156729199412,-0.9788562385052302,0
1,0,0,1,-0.7612357805180548,1,0,0,0,0,0,0,0,0,0,0,3,-0.6745613769097322,-0.6905514177829606,0
0,0,1,1,1.5259625479585213,1,0,0,0,2,2,2,2,2,2,1,0,0.544224907396282,1.5904995490170724,0
0,0,1,1,0.643184245739492,1,0,2,1,1,1,1,1,1,2,0,0,-1.4563926884082332,-0.5112374083042549,0
1,0,1,0,0.20179509462997725,1,0,1,0,0,2,2,0,2,0,1,2,0.8773821471997114,0.5540045999732421,0
0,1,0,0,-1.0822460722340657,1,0,1,0,0,0,0,0,0,0,1,3,0.1641912720426208,-0.8442523611522975,1
0,0,0,0,-0.038962624157030785,1,2,0,2,0,2,2,0,0,0,0,1,0.03695534126342158,-0.08857672407342139,1
1,0,1,1,1.2450785427070121,1,2,0,2,2,2,0,2,2,2,0,1,0.6480226404003655,1.462952792872091,0
0,0,1,0,-0.8013620669825562,0,1,0,0,0,2,0,2,2,0,1,0,-0.4786850097891227,-0.7095808436599915,0
0,0,0,0,-0.2395940564795374,0,1,0,0,0,2,2,2,0,0,1,1,-0.6594939640543006,-0.4540589438206639,0
0,0,0,0,-1.242751218092071,1,0,0,0,0,0,0,0,0,0,1,1,-0.6561456500864271,-0.9677858023611279,0
1,0,0,0,-0.8414883534470575,1,0,1,0,2,0,0,0,0,0,0,2,0.36174179614716717,-0.620138032695321,1
1,0,1,1,1.4457099750295186,1,0,2,1,1,1,1,1,1,2,0,0,-1.4798308861833487,-0.3666227903240688,0
1,0,0,0,-1.242751218092071,1,0,2,1,1,1,1,1,1,0,0,3,-1.4982466130066538,-0.9791267990627235,1
1,1,1,1,-0.2395940564795374,1,2,1,0,2,2,0,2,2,0,0,2,1.3930224982522559,0.23426966115549697,1
1,0,1,1,0.6833105322039933,1,2,1,0,0,2,0,2,2,0,1,2,1.1937978171637726,1.2092797235089674,1
0,0,1,0,-0.5204780617310469,1,2,1,0,0,2,0,0,2,0,0,3,0.8539439494245961,-0.1937571407989541,1
1,0,1,1,1.6062151208875237,1,2,1,2,2,2,0,2,2,2,1,0,1.5453707837905073,2.6046732520677027,0
1,0,1,0,-1.1624986451630681,1,2,2,1,1,1,1,1,1,0,1,3,-1.3576174263559597,-0.9477192276803725,0
0,0,1,1,1.5259625479585213,1,2,0,2,2,0,0,2,0,2,1,1,0.16921374299443148,1.2092346300827188,0
1,0,0,0,0.32217395402348126,1,2,2,1,1,1,1,1,1,2,1,3,-1.3241342866772232,-0.5486874988039568,0
1,1,1,0,1.5660888344230226,0,1,0,0,2,2,0,2,2,0,1,0,-0.396651317576218,0.7099151212287746,0
1,0,0,1,-0.9618672128405615,1,0,2,1,1,1,1,1,1,0,0,3,-1.466437630311854,-0.9072929710482439,0
0,0,1,0,1.6062151208875237,1,2,1,2,0,2,2,2,2,2,1,1,1.5403483128386972,2.566028185772405,0
1,1,0,0,-1.1624986451630681,1,0,1,0,0,0,0,2,0,0,1,2,0.5274833375569138,-0.8702261746716574,1
1,0,0,0,-0.8414883534470575,1,0,0,0,2,2,2,0,0,0,1,2,-0.1086963163390828,-0.6774066840314096,0
0,0,0,0,0.6833105322039933,1,0,0,2,2,2,2,0,0,2,0,0,0.10894409157270558,0.5032970421563667,0
0,0,1,1,0.08141623523647323,1,0,2,1,1,1,1,1,1,1,1,0,-1.4748084152315382,-0.6802926633113384,0
0,0,1,1,1.4055836885650173,1,2,1,2,0,2,2,0,2,1,1,0,1.2088652300192042,2.028424358033155,0
1,0,0,0,-1.0421197857695643,1,0,2,1,1,1,1,1,1,1,0,3,-1.5066173979263382,-0.9317787015013903,0
1,0,0,1,1.5660888344230226,1,2,1,2,0,2,0,2,2,2,0,0,1.4248314809470557,2.3410345355035753,0
1,0,1,1,0.7234368186684946,1,0,0,0,0,0,0,0,0,1,1,0,-0.647774865166743,0.018091775718324626,0
0,0,0,0,0.12154252170097453,0,1,0,0,0,2,2,0,0,0,1,3,-1.0278085005204038,-0.45764387120745065,0
1,0,0,0,-1.2026249316275697,0,1,0,0,0,0,0,0,0,0,1,1,-1.3140893447736024,-0.9654634909093104,0
0,0,1,1,1.5259625479585213,1,2,0,2,0,0,2,2,2,2,1,0,0.550921535332029,1.4743163362868106,0
1,1,1,0,-1.001993499305063,1,2,1,0,0,0,0,0,0,0,1,3,0.34332606932386217,-0.7498267265871247,1
1,0,1,1,1.6062151208875237,1,2,0,2,2,2,2,0,0,2,0,1,0.2663148480627675,1.2743044441598648,0
1,0,1,1,0.9240682509910013,1,0,1,0,2,0,2,0,0,0,0,2,0.5107417677175454,0.9233874010910135,0
0,0,1,1,0.8036893915974973,1,2,2,1,1,1,1,1,1,2,1,0,-1.3090668738217919,-0.4150756768284997,0
1,0,1,1,1.5660888344230226,1,2,0,2,2,2,2,2,2,2,1,3,0.9075169729105745,1.9836014923417595,0
1,1,0,0,0.9240682509910013,1,2,1,2,0,0,0,2,2,0,1,2,1.1603146774850361,1.5453610293419346,1
0,0,1,1,0.8839419645265,1,2,2,1,1,1,1,1,1,1,1,0,-1.3191118157254127,-0.3826535033555487,0
1,0,0,0,-1.242751218092071,1,0,2,1,1,1,1,1,1,0,0,3,-1.45806684539217,-0.9785856779477368,1
0,0,0,0,0.8036893915974973,1,2,0,2,0,2,2,2,0,1,0,1,0.3299328134523673,0.7606903191850232,0
0,0,1,1,1.3253311156360146,1,0,0,2,2,2,0,0,0,1,0,0,-0.09362890348365122,0.7590895025531875,0
0,1,0,0,1.365457402100516,1,2,0,2,2,0,2,0,0,1,1,1,-0.009921054286809616,0.8944825148654759,0
1,0,1,0,-1.1624986451630681,0,1,0,0,0,0,0,0,0,0,0,3,-1.3107410308057286,-0.9525893177152526,0
1,1,0,0,1.48583626149402,1,2,0,2,0,2,2,0,2,2,0,1,0.3332811274202408,1.2807753508265804,0
0,0,0,0,0.04128994877197183,1,0,1,0,0,0,0,0,0,0,1,0,0.2093935106089156,0.09711800521950203,0
0,0,1,0,-1.2026249316275697,1,0,1,2,0,0,2,0,0,0,1,2,0.5358541224765979,-0.9001456629877951,0
1,0,0,1,-1.1624986451630681,1,2,1,0,0,2,0,0,2,0,0,2,0.9276068567178163,-0.8719622715822397,1
1,1,1,0,-0.5606043481955483,1,0,1,0,0,0,0,0,2,0,0,2,0.482281098990619,-0.3463532952251933,1
1,0,1,0,1.4055836885650173,1,2,1,0,2,2,2,2,2,2,1,0,1.5788539234692442,2.424434827350895,0
1,0,0,0,-1.242751218092071,1,0,1,0,0,0,0,2,0,0,1,2,0.5291574945408505,-0.9518227294690216,1
1,0,1,0,-1.242751218092071,1,2,1,0,0,0,0,0,0,0,1,0,0.35002269725960916,-0.9542352277733371,1
1,0,0,0,-1.242751218092071,1,0,2,1,1,1,1,1,1,0,0,0,-1.4898758280869697,-0.9790140654971011,0
1,0,0,1,-1.242751218092071,1,0,0,0,0,2,0,0,0,0,1,2,-0.4786850097891227,-0.965395850769937,0
1,0,1,1,-1.2026249316275697,1,0,1,0,0,0,0,0,0,0,0,3,0.194326097753484,-0.9229854833828571,0
1,0,0,0,-0.0790889106215321,1,0,2,1,1,1,1,1,1,1,0,3,-1.4882016711030328,-0.7060184629863294,0
0,0,1,0,1.4457099750295186,1,2,0,2,0,0,2,0,0,1,0,0,-0.1974266364877348,0.8049044236220584,0
0,1,1,0,1.1246996833135081,1,0,1,2,2,2,2,2,2,2,1,0,1.5353258418868867,2.0191125655127595,0
1,1,1,0,1.6062151208875237,1,2,1,0,2,2,2,2,2,2,1,0,1.5905730223568022,2.6299030240539563,0
0,0,0,0,-1.1624986451630681,1,0,0,0,0,2,0,2,0,0,0,2,-0.2208648342628506,-0.9150715870761771,0
0,0,1,0,-0.9217409263760601,0,1,0,0,0,2,0,2,2,0,1,2,-0.5155164634357331,-0.7884717928824223,1
0,0,0,0,-0.1192151970860334,1,0,2,1,1,1,1,1,1,1,0,3,-1.466437630311854,-0.7094906568074939,0
0,0,0,0,1.3253311156360146,1,2,1,2,2,0,2,0,0,1,1,2,0.860640577360343,1.6476780135006628,0
1,0,0,0,-0.35997291587304153,1,0,1,0,2,0,0,2,2,0,0,3,1.0431236886094577,0.0009788204568715244,0
1,0,1,0,-1.242751218092071,1,0,1,0,0,0,0,2,2,0,1,2,0.8907754030712062,-0.9469526394341415,1
1,0,0,0,0.28204766755897986,1,2,1,0,0,0,0,0,0,0,0,2,0.3717867380507881,0.3728868534445808,1
1,0,1,0,1.1246996833135081,1,0,2,1,1,1,1,1,1,2,0,3,-1.4798308861833487,-0.4205319814046151,0
0,0,0,0,-0.7612357805180548,1,2,1,2,0,0,0,2,2,0,1,2,1.2122135439870778,-0.3751229011719843,1
1,0,0,0,-1.2026249316275697,1,2,1,2,0,0,0,0,2,0,0,3,0.8907754030712062,-0.9090741613850751,0
0,0,1,0,-1.242751218092071,0,1,0,0,0,0,0,0,0,0,1,2,-1.317437658741476,-0.9766917540452835,1
0,0,1,0,1.6062151208875237,1,0,2,1,1,1,1,1,1,2,0,0,-1.476482572215475,-0.34590236096270444,0
0,0,0,0,-1.242751218092071,1,0,2,1,1,1,1,1,1,0,0,3,-1.4815050431672856,-0.9789013319314791,0
0,0,1,1,-0.8013620669825562,1,0,2,1,1,1,1,1,1,0,0,0,-1.4982466130066538,-0.8985448463559595,0
0,0,0,0,0.24192138109447855,1,0,1,0,2,2,2,0,0,0,1,1,0.673134995159418,0.4841999761399623,1
0,0,0,0,-0.40009920233754287,1,2,1,0,0,0,0,2,0,0,1,0,0.6697866811915445,-0.1662952442133809,0
1,0,0,0,-1.2026249316275697,1,2,1,0,0,0,0,0,0,0,1,2,0.4136406626492089,-0.9146206528136883,1
0,0,1,1,-0.0790889106215321,1,0,0,0,2,2,2,2,2,2,0,0,0.5576181632677765,0.08052362435991113,0
0,0,1,1,0.5228053863459879,1,2,2,1,1,1,1,1,1,1,1,1,-1.2806062050948657,-0.4392683000110285,0
1,0,0,0,-1.242751218092071,1,0,2,1,1,1,1,1,1,0,0,3,-1.496572456022717,-0.9791042523495991,0
1,0,0,0,-1.0421197857695643,1,0,0,2,0,2,2,2,2,0,0,1,0.4856294129584929,-0.7699383946941291,0
0,0,1,0,1.0845733968490068,1,2,1,2,2,2,0,2,2,1,1,1,1.5068651731599607,1.969239236081488,0
1,0,0,0,-0.35997291587304153,1,0,2,1,1,1,1,1,1,1,0,0,-1.4731342582476015,-0.8049759868895155,0
1,0,0,0,-1.122372358698567,1,2,1,0,0,0,0,0,0,0,1,2,0.341651912339925,-0.8682195172035819,1
0,0,0,0,-0.5606043481955483,0,1,0,0,0,2,2,0,0,0,1,2,-0.9692130060826145,-0.7140225461455072,0
1,0,1,0,1.5259625479585213,1,2,2,1,1,1,1,1,1,2,0,0,-1.3358533855647812,-0.210396615084794,0
1,0,1,0,1.6062151208875237,1,0,2,1,1,1,1,1,1,2,0,1,-1.501594926974528,-0.39949589805950864,0
0,0,1,0,1.5660888344230226,1,2,2,1,1,1,1,1,1,2,0,0,-1.3107410308057286,-0.1973871616119897,0
0,0,0,0,0.12154252170097453,1,2,1,2,2,2,2,2,2,2,1,3,1.642471888858844,0.7771043263396187,0
1,0,1,1,0.8839419645265,1,2,0,2,2,0,2,0,0,2,1,1,0.05034859713491648,0.6204723102641038,0
1,0,1,1,1.5660888344230226,1,0,2,1,1,1,1,1,1,2,1,0,-1.4915499850709064,-0.3622261812648021,0
0,0,0,0,-0.1192151970860334,1,2,1,0,0,2,0,2,2,0,1,1,1.1536180495492887,0.33480545497739417,1
0,1,1,0,0.8839419645265,1,0,1,0,0,2,2,2,2,1,1,2,1.170359619388657,1.4638997548233177,0
1,1,0,0,-0.9217409263760601,1,2,0,2,0,0,0,0,0,0,0,2,-0.3213142532990606,-0.7650908513723735,1
1,1,1,0,1.0444471103845054,0,1,0,0,2,2,0,0,2,0,1,2,-0.6310332953273746,0.20764199295552815,1
0,0,0,0,0.8839419645265,1,0,2,1,1,1,1,1,1,2,1,3,-1.4614151593600435,-0.5208423080952681,0
0,0,0,1,-0.6408569211245508,1,0,2,1,1,1,1,1,1,1,1,0,-1.501594926974528,-0.8253807622671377,0
0,0,0,0,-0.8013620669825562,1,0,2,1,1,1,1,1,1,0,0,3,-1.496572456022717,-0.8768323616171196,0
1,0,1,0,0.9641945374555025,1,0,1,0,0,0,0,2,2,0,0,3,0.8556181064085329,1.2455799316393228,0
1,0,0,1,-1.242751218092071,1,0,2,1,1,1,1,1,1,0,1,3,-1.4697859442797276,-0.9787435049396079,0
0,0,1,1,1.4055836885650173,0,1,0,2,0,0,2,0,0,2,0,1,-0.9524714362432463,0.16006842826295056,0
0,1,0,0,-0.6809832075890522,1,0,1,0,0,0,0,2,2,0,1,2,0.9158877578302587,-0.35643167599182,0
1,0,0,0,-1.0822460722340657,1,0,1,0,0,0,2,2,2,0,1,2,1.069910200352447,-0.7834213291425467,1
1,0,0,0,1.4457099750295186,1,0,1,0,2,2,0,0,0,1,0,1,0.5174383956532924,1.4748800041149217,0
0,0,0,0,-1.1624986451630681,1,0,1,0,2,0,0,2,0,0,0,2,0.6563934253200496,-0.8763814273546308,1
0,0,1,1,-1.242751218092071,1,0,2,1,1,1,1,1,1,0,0,2,-1.478156729199412,-0.9788562385052302,0
0,0,1,1,1.48583626149402,1,2,0,2,2,0,2,2,0,1,0,1,0.31988787154874637,1.2153222426263188,0
1,0,0,0,-0.2395940564795374,1,0,2,1,1,1,1,1,1,0,0,3,-1.4480219034885489,-0.7541556955070181,0
1,1,1,0,1.0043208239200043,1,2,1,0,2,2,0,0,2,0,1,0,1.041449531625521,1.4593678654853042,1
0,0,0,1,0.20179509462997725,1,0,2,1,1,1,1,1,1,1,0,0,-1.468111787295791,-0.647239181870903,0
0,0,1,1,-0.35997291587304153,1,2,0,2,0,2,2,2,0,2,1,0,0.4354047034403879,-0.1945011823320608,0
1,0,0,1,-1.1624986451630681,1,0,2,1,1,1,1,1,1,0,1,3,-1.476482572215475,-0.9538519336502216,0
0,1,1,0,1.6062151208875237,1,2,1,2,2,2,2,2,2,2,1,1,1.7278538950396223,2.8196787084224044,0
1,0,1,1,-0.7612357805180548,1,0,1,0,0,2,0,2,2,0,1,3,1.0883259271757526,-0.4635060166198061,1
1,1,1,1,1.5660888344230226,1,0,1,2,2,2,0,0,0,1,1,0,0.7551686873723229,1.7986057111556937,0
1,0,1,1,-0.35997291587304153,1,0,2,1,1,1,1,1,1,1,1,1,-1.478156729199412,-0.7870738966687068,0
0,0,0,1,-0.8013620669825562,1,2,1,0,0,0,0,2,0,0,1,2,0.6664383672236706,-0.5520244123463747,0
1,0,0,1,-1.0421197857695643,1,0,2,1,1,1,1,1,1,0,0,3,-1.4882016711030328,-0.9375281133481237,0
1,0,0,0,-1.242751218092071,1,0,2,1,1,1,1,1,1,0,0,3,-1.478156729199412,-0.9788562385052302,1
0,0,0,0,-1.242751218092071,1,0,1,0,0,0,0,2,2,0,0,2,0.8840787751354588,-0.9470428262866392,1
0,0,1,1,-0.0790889106215321,1,2,1,0,2,2,2,2,2,0,1,2,1.451617992690045,0.47427942236520687,0
1,0,0,0,1.3253311156360146,1,2,2,1,1,1,1,1,1,1,0,1,-1.317437658741476,-0.2659517162234249,0
0,1,1,0,1.5259625479585213,1,2,1,0,0,0,0,0,0,2,1,1,0.38517999392228297,1.4523107442773528,0
1,0,1,1,-0.44022548880204415,1,2,1,0,2,2,0,2,2,0,0,2,1.3478202596859619,-0.014781332017115076,1
1,1,0,0,-0.6408569211245508,1,0,1,0,0,0,0,0,2,0,1,2,0.4889777269263664,-0.4385242584779218,0
0,0,0,0,-1.122372358698567,0,1,0,2,0,2,0,0,0,0,0,3,-0.9759096340183621,-0.9266605976221415,0
1,0,1,1,1.5259625479585213,1,2,2,1,1,1,1,1,1,2,0,3,-1.297347774934234,-0.1842875212866875,0
0,0,1,0,1.0043208239200043,1,2,1,0,0,2,0,2,2,1,1,1,1.2256067998585727,1.7109666372409782,0
1,1,0,0,-0.31984662940854014,1,2,0,0,2,0,0,0,0,0,0,1,-0.3129434683793764,-0.4055835106031086,0
1,0,1,0,0.12154252170097453,1,2,1,0,0,0,2,2,0,0,1,1,0.9158877578302587,0.47150617665090017,0
1,0,0,0,-1.242751218092071,1,2,0,0,0,0,0,2,0,0,1,2,-0.1438536130017562,-0.960886508145048,1
1,0,1,1,1.5259625479585213,1,0,1,2,2,2,2,2,0,2,1,1,1.2373258987461302,2.1663200555022564,0
0,0,0,0,-1.0822460722340657,1,0,0,2,0,0,2,0,0,0,0,1,-0.3447524510741761,-0.8707222023603952,1
0,0,0,0,0.08141623523647323,1,0,1,0,0,0,0,0,0,0,1,1,0.1960002547374207,0.10162734784439094,1
0,1,1,0,-0.2395940564795374,1,2,1,0,2,2,0,0,2,0,1,2,0.9945731360752895,0.08604756907540004,1
1,0,0,0,-0.7211094940535535,0,1,0,0,0,2,0,2,2,0,1,2,-0.4485501840782598,-0.666471528166054,1
0,0,1,0,0.36230024048798254,1,0,1,2,2,2,0,2,2,1,1,0,1.3494944166698983,0.8889360234368625,0
0,0,1,1,-1.242751218092071,1,0,1,0,0,0,0,0,0,0,1,2,0.18930362680167329,-0.9563997122332836,1
0,1,1,0,-0.5606043481955483,0,1,0,0,0,2,0,2,2,0,1,2,-0.5289097193072277,-0.6223025171552676,1
0,1,0,0,1.0845733968490068,1,2,1,0,2,0,0,0,0,2,1,1,0.504045139781798,1.0820711680608528,0
0,0,0,0,-1.2026249316275697,1,2,0,0,0,0,2,0,0,0,1,3,-0.3280108812348078,-0.9350930683306837,0
0,0,0,0,-0.8013620669825562,1,0,0,0,2,0,0,0,0,0,1,2,-0.4937524226445543,-0.7120609821036804,0
1,1,0,0,-0.31984662940854014,1,2,1,0,2,0,0,2,2,0,1,2,1.242348369697941,0.11247231685724873,1
0,0,1,1,-0.40009920233754287,1,0,1,0,0,0,0,0,2,0,1,2,0.5358541224765979,-0.180409486629283,0
1,0,1,1,-0.35997291587304153,0,1,0,0,0,0,2,0,0,0,1,0,-1.1316062335244874,-0.6818032930906762,0
0,0,1,0,0.24192138109447855,1,2,1,0,0,2,2,2,2,0,1,2,1.3679101434932033,0.8277667907302451,1
0,0,0,0,1.3253311156360146,1,0,0,2,2,0,2,0,0,2,1,3,-0.15222439792144032,0.6985290311009302,0
0,1,0,0,0.9240682509910013,1,2,1,0,0,2,0,2,2,1,1,2,1.2055169160513308,1.4515667027442465,0
0,0,0,0,-0.44022548880204415,1,2,1,0,2,0,0,2,2,0,1,1,1.1954719741477093,-0.0893658590327769,0
1,0,0,0,-0.5204780617310469,1,0,0,0,0,0,2,2,0,0,1,1,-0.08693227554790402,-0.494913588002157,0
1,0,1,1,0.9641945374555025,0,1,0,0,2,2,0,0,0,1,1,1,-0.9390781803717517,-0.09885802525816799,0
0,0,1,0,-1.242751218092071,1,0,1,0,0,0,0,2,0,0,1,0,0.5090676107336082,-0.9520932900265148,1
0,0,1,1,-0.9217409263760601,1,0,0,2,2,2,2,0,0,0,0,3,0.028584556343737386,-0.6888829610117517,1
0,0,1,0,-0.8013620669825562,1,0,0,2,0,0,2,0,0,0,0,0,-0.3330333521866182,-0.6765048155064318,0
0,0,0,0,-1.242751218092071,1,0,0,0,0,0,0,0,2,0,1,2,-0.2928535845721344,-0.9628931656131235,1
1,0,1,1,-1.001993499305063,1,0,0,2,0,0,0,0,0,1,1,2,-0.4820333237569964,-0.8384804025924398,1
0,0,1,1,0.20179509462997725,1,2,1,0,2,0,0,2,0,0,1,2,0.8254832806976696,0.5184935268022423,0
0,0,1,1,0.5629316728104893,1,0,2,1,1,1,1,1,1,2,1,3,-1.4798308861833487,-0.5698137690015612,0
1,0,1,1,-1.0822460722340657,1,2,0,2,2,0,2,0,0,0,0,1,0.008494672536495584,-0.8449738559722797,0
1,1,1,1,0.12154252170097453,1,0,0,0,2,0,2,2,2,0,1,2,0.3985732497937774,0.25093168215446127,0
1,1,1,0,1.4457099750295186,0,1,0,2,2,2,0,0,0,2,1,2,-0.7432018132511422,0.3494833652214075,0
1,0,0,0,-1.2026249316275697,1,0,0,2,0,0,0,0,0,0,1,2,-0.547325446130533,-0.9461860511879103,1
0,1,0,0,-0.6809832075890522,1,2,0,0,0,0,2,0,0,0,0,1,-0.306246840443629,-0.646472593624672,1
0,0,0,0,-0.8816146399115589,1,0,0,0,0,2,2,0,0,0,0,2,-0.33135919520268153,-0.724980248723987,0
0,0,1,1,-0.7211094940535535,1,2,1,0,0,0,2,2,0,0,1,2,0.9209102287820695,-0.4012094482569664,1
0,0,0,0,-1.001993499305063,1,2,1,2,0,0,0,0,0,0,1,3,0.5191125526372296,-0.7151949752279783,1
0,1,0,0,-1.242751218092071,1,2,1,0,0,0,0,2,0,0,1,2,0.7216855476935863,-0.9492298574597103,1
1,0,0,1,-0.35997291587304153,1,0,0,0,2,0,2,0,0,0,1,0,-0.2962018985400081,-0.4087851438667797,0
0,0,1,1,0.5228053863459879,1,2,2,1,1,1,1,1,1,2,1,1,-1.3224601296932865,-0.459695622101775,0
0,1,0,0,-1.2026249316275697,1,2,1,0,0,0,0,0,2,0,1,2,0.6664383672236706,-0.9039786042189507,0
0,0,1,0,0.6030579592749906,1,0,0,0,2,0,0,2,0,0,1,0,-0.185707537600177,0.24019944670722587,0
1,1,1,1,-0.1593414835505348,1,2,0,0,0,0,0,0,0,1,1,2,-0.4401793991585756,-0.3647739598478644,0
0,0,0,0,-0.8414883534470575,1,2,1,2,0,0,0,0,0,0,1,0,0.4973485118460506,-0.5688217136240857,0
0,0,0,0,-1.242751218092071,1,0,2,1,1,1,1,1,1,0,0,3,-1.4647634733279173,-0.9786758648002347,1
1,0,0,1,-0.6007306346600496,1,0,0,0,0,0,0,0,0,1,0,3,-0.6544714931024901,-0.6806083172950806,0
0,0,0,0,-1.0822460722340657,1,0,2,1,1,1,1,1,1,0,1,1,-1.4898758280869697,-0.9463664248929059,0
0,0,0,0,0.5228053863459879,1,0,0,2,2,0,2,0,0,1,1,1,-0.053449135869167316,0.27314019458203886,0
0,0,1,0,0.643184245739492,1,0,1,0,0,2,2,2,2,0,1,1,1.2021686020834568,1.1919413011162698,0
1,1,1,0,0.16166880816547585,1,2,1,0,2,0,0,2,2,0,1,2,1.0833034562239419,0.5615802955830552,1
1,0,1,1,0.7234368186684946,1,0,1,0,2,2,2,2,2,1,1,0,1.314337120007225,1.3733972483417978,0
1,0,0,0,-0.7211094940535535,1,2,1,0,2,0,0,2,2,0,1,2,1.2189101719228255,-0.34955492848886444,1
1,0,0,0,1.6062151208875237,1,2,0,0,2,2,2,2,2,2,1,0,0.8187866527619222,1.808796825487942,0
1,0,0,1,-1.242751218092071,1,0,2,1,1,1,1,1,1,0,0,3,-1.4530443744403594,-0.9785180378083635,0
1,0,1,1,-0.1192151970860334,1,2,0,2,0,0,2,2,0,1,0,0,0.1641912720426208,-0.10474271738364789,0
1,0,0,0,-1.2026249316275697,1,0,0,0,0,0,0,0,0,0,1,3,-0.6410782372309956,-0.9443823141379549,1
1,1,1,0,1.6062151208875237,1,2,0,0,0,2,0,2,2,2,1,1,0.3115170866290622,1.4151537610482687,0
0,1,0,0,-0.2395940564795374,1,0,1,2,0,0,0,2,0,0,1,1,0.7250338616614597,0.0013170211537381243,0
1,0,0,0,-1.242751218092071,1,0,1,0,0,0,0,0,0,0,1,3,0.241202493303715,-0.9557007641264259,1
1,0,1,1,-1.242751218092071,1,2,1,0,0,0,0,0,0,0,1,2,0.34667438329173567,-0.954280321199586,1
1,0,1,1,1.48583626149402,1,0,0,2,2,2,2,2,0,2,1,0,0.38852830789015647,1.4418265226744862,0
1,0,0,0,-0.6408569211245508,1,0,2,1,1,1,1,1,1,2,0,3,-1.4865275141190961,-0.8596517662162931,0
0,0,1,1,-1.242751218092071,1,0,2,1,1,1,1,1,1,2,0,3,-1.466437630311854,-0.9786984115133591,0
0,0,1,1,-1.1624986451630681,1,0,1,0,0,0,0,0,2,0,1,2,0.5408765934284081,-0.8751188114196619,1
0,0,0,0,-0.40009920233754287,0,1,0,0,2,0,0,2,2,0,1,2,-0.4619434399497544,-0.4923658094190949,0
1,0,1,1,-0.038962624157030785,1,2,1,2,0,2,0,2,0,1,0,0,1.1352023227259835,0.4019495666619894,0
1,0,1,1,-1.122372358698567,1,0,1,0,0,0,0,0,0,0,1,3,0.18093284188198908,-0.8594037523719241,0
0,0,0,0,0.12154252170097453,1,0,1,0,0,2,2,2,2,1,1,2,1.1753820903404677,0.6048248913557395,0
0,1,0,0,0.44255281341698527,1,2,1,0,2,0,0,2,0,0,1,2,0.8740338332318379,0.7431489763742054,0
1,0,1,0,-1.0822460722340657,0,1,0,0,0,0,0,0,0,0,1,2,-1.3124151877896655,-0.9426011238011237,1
0,0,1,0,0.40242652695248393,1,2,2,1,1,1,1,1,1,2,0,2,-1.3023702458860444,-0.48814957406482373,0
0,0,1,1,0.28204766755897986,1,0,0,2,0,0,0,0,0,0,0,1,-0.4385052421746388,-0.05624473745296818,0
0,0,0,0,-1.1624986451630681,1,0,2,1,1,1,1,1,1,0,0,2,-1.4714601012636646,-0.958135809143866,0
0,0,0,0,0.36230024048798254,1,0,2,1,1,1,1,1,1,0,0,2,-1.4630893163439802,-0.6381303097686276,0
0,0,0,0,-1.242751218092071,1,2,1,0,0,0,0,0,2,0,1,2,0.6982473499184705,-0.9495455114434526,1
1,0,1,1,0.8839419645265,1,2,1,0,2,0,2,2,2,1,1,2,1.3746067714289507,1.5544248080179617,0
1,0,0,0,1.0043208239200043,1,0,2,1,1,1,1,1,1,2,0,3,-1.4530443744403594,-0.48336967088244154,0
0,0,0,0,-1.242751218092071,1,0,1,0,0,0,0,0,0,0,0,3,0.23283170838403078,-0.9558134976920482,1
1,0,0,0,-0.8013620669825562,1,2,1,0,0,2,0,2,0,0,1,2,0.8505956354567221,-0.5271328410569881,0
0,0,0,0,0.9641945374555025,1,2,1,0,2,2,0,2,2,1,1,2,1.4281797949149293,1.6791306783092628,0
0,0,0,0,0.24192138109447855,1,0,2,1,1,1,1,1,1,2,0,3,-1.476482572215475,-0.6535071681194986,0
0,1,0,0,0.5228053863459879,1,2,1,2,2,0,2,2,0,0,1,2,1.1017191830472468,0.9894943639718843,0
1,0,1,1,-0.6007306346600496,1,0,1,0,0,0,0,0,0,0,1,2,0.16251711505868408,-0.4694583488846593,1
1,0,0,1,-1.242751218092071,1,2,0,0,0,0,0,0,0,0,1,2,-0.4719883818533755,-0.9653056639174391,0
0,0,1,0,1.3253311156360146,1,0,0,2,0,2,0,0,0,0,1,3,-0.3012243694918185,0.6684742625060459,0
1,0,0,0,0.8036893915974973,1,0,1,0,2,0,0,0,2,0,1,2,0.7099664488060281,0.9685484674792755,1
0,0,0,0,-0.9618672128405615,1,0,0,2,0,0,2,0,2,0,0,0,0.06374185300641079,-0.7288131899551427,0
0,0,1,1,-0.40009920233754287,1,0,0,0,2,0,0,2,2,1,1,0,0.17925868489805238,-0.312285211694158,1
0,0,0,0,1.6062151208875237,1,0,2,1,1,1,1,1,1,2,0,1,-1.4697859442797276,-0.2813060278611714,0
1,0,1,1,0.08141623523647323,1,0,1,0,0,2,0,2,0,0,1,3,0.6664383672236706,0.32432123337452756,0
1,0,0,0,-1.122372358698567,1,0,1,0,0,0,0,2,2,0,1,2,0.813764181810112,-0.8207361393635021,1
0,0,1,1,-0.40009920233754287,1,2,1,0,0,0,0,0,0,0,1,0,0.3902024648740932,-0.2595709964092072,0
0,0,0,0,-0.7211094940535535,1,0,0,0,2,0,0,0,0,1,0,1,-0.425111986303144,-0.659662420802472,0
0,1,0,0,-0.9618672128405615,1,2,1,0,0,0,0,0,0,0,1,2,0.38852830789015647,-0.7144960271211205,1
0,0,1,1,0.9240682509910013,1,0,2,1,1,1,1,1,1,0,0,1,-1.478156729199412,-0.49759664686396593,0
0,0,1,1,0.5228053863459879,1,0,0,2,0,2,2,2,2,2,1,3,0.5643147912035239,0.6055463861757217,0
1,0,0,0,-0.0790889106215321,1,2,1,0,0,0,2,0,2,0,1,1,0.8623147343442803,0.24008671314160365,0
1,0,1,0,-0.8414883534470575,1,0,0,0,0,0,0,0,0,0,1,0,-0.6109434115201325,-0.7525323321620581,0
1,0,1,1,-0.0790889106215321,1,2,1,0,2,0,2,0,0,0,1,0,0.6496967973843023,0.17111631769392835,0
1,0,0,0,-0.8414883534470575,1,0,0,0,0,0,0,0,0,0,0,1,-0.6343816092952481,-0.7660152666104757,0
0,0,1,1,-0.7211094940535535,1,0,1,0,0,0,0,0,0,0,0,2,0.2026968826731681,-0.5159722180603882,0
1,0,0,0,-1.242751218092071,1,0,2,1,1,1,1,1,1,0,0,1,-1.4530443744403594,-0.9785180378083635,0
0,0,0,0,-1.2026249316275697,1,2,1,0,0,0,0,0,0,0,1,2,0.3935507788419671,-0.9232334972272259,1
1,0,1,0,-0.6007306346600496,0,1,0,2,0,2,0,0,0,0,0,3,-0.9959995178256041,-0.7205836396647204,0
0,0,0,0,-0.2395940564795374,1,0,1,0,0,0,0,2,2,0,1,0,0.8254832806976696,0.03770741613659123,1
0,0,0,1,-0.8013620669825562,1,2,1,0,2,2,0,2,2,0,1,2,1.377955085396824,-0.4126406318110597,0
1,0,1,0,0.7234368186684946,0,1,0,2,0,0,2,2,0,1,1,0,-0.6594939640543006,-0.001027837011204076,0
0,0,0,0,-1.242751218092071,1,2,1,0,0,0,0,2,2,0,1,2,1.019685490834342,-0.9452165425235594,1
1,1,1,1,1.6062151208875237,1,0,1,2,0,2,2,2,2,2,1,1,1.3377753177823402,2.370548182983473,0
1,0,0,0,-1.1624986451630681,1,0,1,2,0,0,0,0,2,0,1,3,0.7334046465811439,-0.8774636695846041,0
1,0,1,0,1.6062151208875237,1,2,0,2,2,2,2,2,2,2,1,0,0.8338540656173539,1.8324708742686089,0
0,0,0,0,-0.8414883534470575,1,0,2,1,1,1,1,1,1,1,0,1,-1.476482572215475,-0.8806878495613996,0
0,0,1,1,0.40242652695248393,1,0,1,0,0,2,0,2,2,0,1,2,0.9376517986214379,0.7596757170944232,0
1,0,1,1,0.5629316728104893,1,0,2,1,1,1,1,1,1,1,1,0,-1.4714601012636646,-0.6065649113944055,0
0,1,0,0,0.5629316728104893,1,2,1,0,2,2,0,2,2,0,1,2,1.3494944166698983,1.2054016888515633,0
0,0,0,0,0.16166880816547585,1,0,2,1,1,1,1,1,1,1,1,0,-1.5032690839584641,-0.6813298121150629,0
0,0,1,1,-1.242751218092071,1,0,2,1,1,1,1,1,1,0,1,1,-1.4731342582476015,-0.9787885983658567,1
1,0,1,1,0.36230024048798254,1,0,0,2,2,2,0,0,0,1,1,0,-0.1287862001463248,0.14455628963333306,0
0,0,1,1,0.44255281341698527,1,2,2,1,1,1,1,1,1,1,1,0,-1.3291567576290337,-0.5400295609641702,0
1,0,0,0,0.12154252170097453,1,0,2,1,1,1,1,1,1,2,0,0,-1.429606176665244,-0.669763348282223,0
0,1,0,0,-0.8414883534470575,1,2,1,0,0,0,0,2,2,0,1,0,1.0381012176576476,-0.5380003567829702,1
1,0,1,0,-1.2026249316275697,1,2,1,0,0,2,0,2,0,0,1,2,0.9142136008463219,-0.9105622444512883,0
1,0,0,1,0.8839419645265,1,0,0,0,2,2,2,0,0,1,1,2,-0.10534800237120912,0.4925648067091313,0
1,0,0,1,0.32217395402348126,1,0,2,1,1,1,1,1,1,1,1,0,-1.4647634733279173,-0.6023712227532588,0
1,0,1,0,-0.31984662940854014,1,0,0,2,0,0,2,0,0,0,0,3,-0.3531232359938603,-0.3947385415902509,0
0,0,1,1,1.6062151208875237,1,2,1,2,2,2,2,2,2,2,0,1,1.7864493894774116,2.9217702254498885,0
1,0,1,1,0.5629316728104893,1,2,1,0,2,0,0,0,0,0,1,0,0.5308316515247873,0.7120119655493478,0
0,0,1,0,0.8839419645265,1,2,1,2,2,0,0,2,2,1,0,0,1.4198090099952452,1.6109945112471922,1
0,0,0,0,0.643184245739492,1,0,1,2,0,2,2,2,2,2,1,1,1.2842022942963618,1.223619433056114,0
1,0,0,0,-1.1624986451630681,1,0,0,0,0,0,2,0,0,0,1,3,-0.4652917539176281,-0.9191976355779505,0
0,0,1,1,-0.0790889106215321,1,0,0,2,0,0,2,0,2,0,0,0,0.07211263792609499,-0.12050286985763449,0
1,0,0,0,-1.122372358698567,0,1,0,0,0,0,0,2,2,0,1,2,-0.6561456500864271,-0.9092770818031951,1
0,0,1,1,-0.7612357805180548,1,0,0,2,0,2,0,0,2,0,1,3,-0.03335925206192532,-0.6195518181540854,0
0,0,1,1,1.5660888344230226,1,0,1,0,0,2,0,0,0,2,0,2,0.3985732497937774,1.4636066475526994,0
1,0,0,0,-1.242751218092071,1,0,2,1,1,1,1,1,1,0,0,3,-1.476482572215475,-0.9788336917921056,0
0,0,0,0,1.1648259697780095,1,2,0,2,2,2,2,2,2,2,0,2,0.8539439494245961,1.4059997955197443,0
0,1,0,0,1.365457402100516,1,2,1,2,0,0,0,2,2,2,1,0,1.2808539803284882,1.9305039829336927,0
1,1,1,1,-0.1192151970860334,1,2,1,0,0,2,0,2,2,0,1,2,1.33275284683053,0.3490549776720431,0
1,0,0,0,0.28204766755897986,1,0,2,1,1,1,1,1,1,1,0,3,-1.4815050431672856,-0.6311182819869253,0
0,0,0,0,-1.2026249316275697,1,0,0,0,0,0,0,0,0,0,0,2,-0.6226625104076905,-0.949816072000946,0
0,0,0,0,0.28204766755897986,1,0,1,0,0,2,2,0,0,2,1,2,0.5458990643802188,0.455813664316287,1
1,0,0,0,-1.242751218092071,1,0,1,0,2,0,0,0,2,0,1,2,0.6982473499184705,-0.9495455114434526,0
0,0,1,1,1.4055836885650173,1,0,1,2,2,2,0,0,0,1,0,0,0.691550721982723,1.536590357936526,0
0,1,0,0,-0.5606043481955483,1,2,1,0,2,0,2,2,2,0,1,1,1.3210337479429717,-0.1733298187082076,0
1,0,1,1,-0.8013620669825562,0,1,0,0,2,0,2,0,0,0,0,3,-0.9591680641789937,-0.7929585887941867,0
0,1,0,0,0.08141623523647323,1,2,1,0,2,0,2,2,0,0,1,2,1.078280985272131,0.4507181071501625,0
1,0,1,0,0.9641945374555025,1,0,1,0,0,0,0,0,2,1,1,2,0.5609664772356504,1.0672579775380928,0
0,1,0,0,-1.2026249316275697,1,2,1,0,0,0,0,2,0,0,1,2,0.7166630767417755,-0.9033472962514661,1
1,0,1,1,-1.0421197857695643,1,0,0,0,2,2,0,0,0,0,1,3,-0.2962018985400081,-0.8416594891429865,1
0,0,0,0,-1.001993499305063,1,2,1,0,0,0,0,0,0,0,0,3,0.3784833659865356,-0.7710882770634757,1
1,0,1,0,1.5259625479585213,1,2,2,1,1,1,1,1,1,2,0,0,-1.3057185598539183,-0.1126791604034524,0
1,0,0,0,1.1648259697780095,1,2,1,2,0,2,0,2,2,0,1,2,1.4164606960273716,1.8530785700643504,0
1,1,0,0,-0.40009920233754287,1,2,1,0,0,0,2,2,0,0,1,0,0.882404618151522,-0.1263199218437412,1
0,0,0,0,-1.1624986451630681,1,0,1,0,0,0,0,0,0,0,1,2,0.2043710396571049,-0.8842953236613107,0
1,0,0,0,-1.2026249316275697,1,0,1,0,0,2,0,0,2,0,1,2,0.7267080186453965,-0.9124336216406171,1
1,0,0,0,1.365457402100516,1,0,2,1,1,1,1,1,1,2,0,0,-1.4882016711030328,-0.4224935454464419,0
0,0,0,0,-1.001993499305063,1,0,1,0,0,0,0,2,0,0,1,2,0.4973485118460506,-0.7520588511864447,1
0,0,1,0,1.5660888344230226,1,2,0,2,2,2,2,2,2,2,0,1,0.9728090952841111,1.9459710281370608,0
0,0,1,0,1.6062151208875237,1,2,2,1,1,1,1,1,1,2,1,3,-1.277257891126992,-0.1870156735747453,0
1,1,0,0,0.28204766755897986,1,2,1,0,2,0,0,0,2,0,0,2,0.8891012460872695,0.5512764476851842,0
1,0,1,1,-0.9217409263760601,1,0,1,0,0,2,2,2,2,0,0,2,1.3042921781036039,-0.550265768722668,0
1,0,1,0,-0.6809832075890522,1,2,1,0,0,2,0,2,2,0,1,2,1.2373258987461302,-0.309647246258598,1
0,0,0,0,0.40242652695248393,1,0,0,2,2,2,0,0,0,0,0,0,-0.1505502409375036,0.15594237976117747,0
0,0,0,1,-1.242751218092071,1,0,1,0,0,0,0,2,0,0,1,2,0.5090676107336082,-0.9520932900265148,1
0,1,0,0,0.8438156780619986,1,0,1,2,2,0,2,0,2,1,1,3,1.091674241143626,1.3599368606065043,0
0,1,0,0,-1.001993499305063,1,0,1,2,0,0,0,0,0,0,0,0,0.4119665056652722,-0.7607844291656047,1
0,0,1,1,1.2852048291715132,1,2,0,2,2,2,2,2,2,2,1,3,0.8857529321193955,1.6354126015609654,0
1,1,0,0,0.8036893915974973,0,1,0,2,0,0,0,2,2,0,1,1,-0.5138423064517963,0.16428466361722185,0
0,0,0,0,-0.27972034294403886,0,1,0,2,2,2,0,2,2,1,0,2,-0.10367384538727231,-0.2933459726696247,0
0,0,0,0,-0.7612357805180548,0,1,0,0,2,0,0,0,0,0,1,2,-1.0880781519421299,-0.8120331080974666,0
0,0,1,1,1.365457402100516,1,2,1,2,2,2,0,2,2,2,0,0,1.510213487127834,2.205866990322532,0
0,0,0,0,0.20179509462997725,1,2,1,0,0,2,0,2,2,0,1,2,1.2021686020834568,0.730432630172019,0
1,0,1,1,0.8438156780619986,1,0,0,2,2,0,2,2,0,2,1,3,0.1859553128337998,0.6939295016235435,0
0,0,0,1,-0.2395940564795374,1,0,1,0,2,2,2,2,2,2,1,2,1.382977556348635,0.23654687918106596,0
0,0,1,1,-0.31984662940854014,1,2,0,2,0,2,0,2,2,2,0,1,0.4839552559745557,-0.1551571679299054,0
1,0,0,0,1.1648259697780095,1,2,1,2,2,2,0,2,2,1,1,2,1.459988777609729,1.9530732427712612,0
1,1,0,0,-0.44022548880204415,1,0,0,0,0,2,0,2,0,0,1,0,-0.137156985066009,-0.4304525351793707,1
0,0,1,1,0.643184245739492,1,0,2,1,1,1,1,1,1,2,0,3,-1.478156729199412,-0.5658455474916589,0
1,0,1,0,0.04128994877197183,1,0,0,0,0,0,0,0,0,0,1,1,-0.6561456500864271,-0.32833847143876244,0
0,0,1,0,-1.0421197857695643,1,2,0,0,0,0,0,0,0,0,0,2,-0.4619434399497544,-0.8460335514891287,0
0,0,0,0,-0.5204780617310469,1,0,2,1,1,1,1,1,1,0,0,3,-1.4815050431672856,-0.8221340355772176,0
1,0,0,0,-1.242751218092071,1,0,0,0,2,0,0,0,0,0,0,3,-0.4518984980461334,-0.9650351033599459,1
0,0,1,1,0.08141623523647323,0,1,0,2,0,2,2,2,2,1,0,3,-0.0969772174515249,-0.08907275176215909,0
0,0,0,0,-1.1624986451630681,1,0,1,2,0,2,0,2,2,0,1,1,1.1670113054207836,-0.8582764167157019,1
1,0,0,0,-1.001993499305063,1,2,1,0,0,2,0,2,0,0,1,2,0.8807304611675854,-0.7202679856809782,1
0,1,0,0,-0.6809832075890522,1,0,1,2,0,2,2,0,2,0,1,3,1.0766068282881947,-0.34450446474898894,1
1,0,0,0,0.12154252170097453,1,2,2,1,1,1,1,1,1,0,1,2,-1.2906511469984867,-0.5814704196868989,0
1,1,1,0,-1.2026249316275697,1,0,1,0,0,2,0,2,2,0,1,1,1.0498203165452051,-0.9059627149739017,0
1,0,0,1,-0.40009920233754287,1,0,1,0,2,2,0,2,0,0,1,2,0.8455731645049119,-0.08532999738350139,1
1,0,0,0,-1.122372358698567,1,0,1,2,2,0,2,0,2,0,1,3,1.0297304327379633,-0.8252905754146399,0
1,0,0,0,-1.001993499305063,1,2,1,0,0,0,0,2,2,0,0,2,1.073258514320321,-0.6994122760408672,0
0,0,1,1,1.6062151208875237,0,1,0,2,2,2,2,0,2,2,0,1,-0.2844827996524502,0.7617725614149966,0
0,0,0,0,-1.242751218092071,1,0,2,1,1,1,1,1,1,0,0,3,-1.466437630311854,-0.9786984115133591,0
0,1,1,0,0.9240682509910013,1,2,0,0,0,0,0,0,0,0,0,0,-0.4184153583673968,0.2921245270328212,0
1,1,0,0,-0.27972034294403886,1,2,1,0,2,0,0,2,0,0,1,2,0.8305057516494804,0.045305658459528934,1
0,1,1,1,1.365457402100516,1,2,1,0,2,2,0,2,2,1,1,2,1.3645618295253297,2.11971599947403,0
0,0,0,1,-1.242751218092071,1,0,1,0,0,0,0,2,2,0,1,2,0.8438990075209747,-0.9475839474016259,0
0,0,1,0,1.5259625479585213,0,1,0,2,2,2,2,2,2,2,0,0,0.013517143488305884,1.0435388353311772,0
0,0,1,1,0.8839419645265,1,2,0,2,0,0,2,0,0,2,0,0,-0.1388311420499457,0.4884613049204823,0
0,0,0,0,-1.0421197857695643,1,2,1,0,2,2,2,2,2,0,1,1,1.5319775279190129,-0.6859969817318228,1
1,0,0,0,-1.242751218092071,1,0,2,1,1,1,1,1,1,0,0,3,-1.4898758280869697,-0.9790140654971011,0
0,1,1,0,-0.27972034294403886,1,0,1,0,0,0,0,0,0,0,1,2,0.17256205696230498,-0.1702860124364076,0
1,0,0,0,0.12154252170097453,1,2,1,0,0,2,2,2,0,0,0,2,1.0498203165452051,0.5535085722845041,0
0,0,0,0,-1.0421197857695643,1,2,1,2,0,0,0,0,0,0,1,2,0.4990226688299873,-0.7919439867035867,1
1,0,0,0,1.6062151208875237,1,2,0,2,0,2,2,2,2,2,0,1,0.6748091521433547,1.716422941817094,0
1,0,0,0,-1.001993499305063,1,0,0,2,0,0,0,0,0,0,1,3,-0.4401793991585756,-0.8282216481208177,1
0,0,0,0,-1.242751218092071,1,0,0,0,0,0,0,0,0,0,0,3,-0.636055766279185,-0.9675152418036347,0
1,0,1,1,-1.242751218092071,1,0,1,0,0,0,0,0,0,0,1,2,0.1960002547374207,-0.956309525380786,1
1,0,0,0,-1.242751218092071,1,0,1,0,0,0,0,0,0,0,1,3,0.2478991212394624,-0.955610577273928,1
0,1,1,0,0.6030579592749906,1,2,1,0,0,2,0,2,2,0,0,2,1.1904495031958995,1.1528002071322343,0
0,0,0,0,0.6030579592749906,1,2,1,0,2,2,0,2,2,0,1,2,1.4147865390434349,1.324493427574878,1
1,1,1,1,1.2852048291715132,1,2,2,1,1,1,1,1,1,2,1,0,-1.3308309146129707,-0.28953557815159364,0
1,1,0,0,-0.9217409263760601,1,2,1,0,0,0,0,0,2,0,1,1,0.6781574661112287,-0.6575655764818985,1
0,1,0,0,-1.242751218092071,1,0,2,1,1,1,1,1,1,0,1,2,-1.496572456022717,-0.9791042523495991,1
0,1,0,0,0.8036893915974973,0,1,0,0,2,2,2,2,0,0,1,2,-0.45692096899794393,0.16935767407022176,0
0,0,1,0,-1.2026249316275697,1,0,1,0,0,0,0,0,0,0,1,2,0.2194384525125365,-0.924090272325955,1
0,0,1,1,1.6062151208875237,1,0,2,1,1,1,1,1,1,2,1,1,-1.4748084152315382,-0.389823358129122,0
0,0,0,0,-1.122372358698567,1,0,1,0,0,0,0,0,2,0,1,2,0.5023709827978613,-0.8448160289804086,1
1,0,0,0,-1.122372358698567,1,0,0,2,0,2,0,0,0,0,0,2,-0.24765134600583982,-0.8773283893058573,0
1,0,1,0,-0.0790889106215321,1,2,1,0,0,0,0,2,2,0,1,1,1.001269764011037,0.304705592956261,1
0,0,1,1,1.6062151208875237,1,2,0,2,0,2,2,0,0,2,0,0,0.09052836474940008,1.1580310445771056,0
0,0,1,0,1.2852048291715132,0,1,0,2,0,2,2,0,2,2,0,2,-0.545651289146596,0.4314406674287626,1
0,0,1,0,-0.6809832075890522,1,2,2,1,1,1,1,1,1,2,0,3,-1.3040444028699811,-0.8129575233355688,0
1,0,0,0,-0.8013620669825562,1,0,2,1,1,1,1,1,1,0,0,3,-1.4630893163439802,-0.8727288598284708,0
1,1,1,0,1.48583626149402,1,2,1,0,2,2,2,2,2,2,1,0,1.4817528184009081,2.312152195991162,1
1,0,1,0,0.8438156780619986,0,1,0,0,2,2,2,2,2,1,1,2,-0.12376372919451412,0.4480125015752292,1
0,0,1,1,0.8036893915974973,1,0,2,1,1,1,1,1,1,1,0,1,-1.4915499850709064,-0.5313490764112592,0
0,0,0,0,-1.0822460722340657,1,2,1,0,0,0,0,0,0,0,0,2,0.3835058369383458,-0.8063738831032311,0
0,1,0,0,-1.2026249316275697,1,2,1,0,0,2,0,0,0,0,1,2,0.482281098990619,-0.9204377047997949,1
1,0,0,0,-0.6007306346600496,1,0,0,2,2,0,0,0,0,1,0,3,-0.2694153867970186,-0.5608627238911568,0
0,0,0,0,-1.242751218092071,1,0,2,1,1,1,1,1,1,0,1,3,-1.4815050431672856,-0.9789013319314791,1
1,0,0,0,-0.8414883534470575,1,2,0,0,0,2,0,0,0,0,0,2,-0.3481007650420498,-0.7137068921617649,1
0,0,1,0,0.6833105322039933,1,0,2,1,1,1,1,1,1,1,1,0,-1.476482572215475,-0.5716175060515168,0
0,1,0,0,-0.6809832075890522,1,2,1,0,2,0,0,0,2,0,0,2,0.860640577360343,-0.3453161464214689,1
1,0,1,0,1.6062151208875237,1,2,0,2,2,2,2,0,0,2,1,0,0.1223373474442,1.1787063805122209,0
1,0,0,0,0.36230024048798254,1,0,1,0,2,0,2,2,2,2,1,1,1.1887753462119626,0.9152254909399646,0
0,0,0,0,-0.35997291587304153,1,0,0,0,2,2,0,0,0,1,0,0,-0.2794603287006398,-0.3891018633091398,0
1,0,0,1,-1.122372358698567,1,2,1,0,2,0,0,2,2,0,1,2,1.2574157825533725,-0.8234868383646844,1
1,1,0,0,-0.6809832075890522,1,0,1,0,2,0,0,0,0,0,1,2,0.34332606932386217,-0.5034362455631971,1
1,0,0,0,0.5228053863459879,1,0,2,1,1,1,1,1,1,1,0,0,-1.516662339829959,-0.5967796378983966,0
0,0,1,1,-1.0421197857695643,1,0,0,0,0,0,2,0,0,0,1,3,-0.5138423064517963,-0.8537896208039376,0
0,0,1,1,1.0845733968490068,1,2,1,0,2,2,0,2,2,1,1,2,1.4064157541237507,1.8332600092279645,0
0,1,1,0,1.6062151208875237,1,2,1,2,2,2,0,2,2,2,1,2,1.6156853771158548,2.6407254463536898,0
0,0,0,0,0.5228053863459879,1,2,1,0,2,0,0,2,0,0,1,1,0.842224850537038,0.8234603685234761,1
1,0,1,0,-0.31984662940854014,1,0,2,1,1,1,1,1,1,2,0,3,-1.4865275141190961,-0.7700060348335024,0
1,0,0,0,1.1246996833135081,1,2,1,0,2,0,0,2,0,0,1,0,0.8623147343442803,1.470032460793166,0
1,0,1,1,1.48583626149402,1,0,2,1,1,1,1,1,1,2,0,0,-1.4815050431672856,-0.3760924098363354,0
0,0,1,1,-0.31984662940854014,0,1,0,2,2,2,2,0,2,2,1,3,-0.3899546896404706,-0.4430786945290595,0
0,0,1,0,-0.48035177526654543,1,0,1,0,0,2,2,0,0,0,1,3,0.5643147912035239,-0.2286369060024695,0
0,0,1,0,0.04128994877197183,1,2,1,0,2,2,0,2,2,0,1,2,1.3478202596859619,0.5496305376270998,1
0,0,1,0,1.0444471103845054,1,2,0,2,0,0,2,0,2,1,1,2,0.1424272312514422,0.8033487004164718,0
0,0,0,0,-0.8013620669825562,1,2,1,2,0,0,0,0,0,0,1,2,0.49567435486211386,-0.5697010354359391,1
0,0,0,0,-0.0790889106215321,1,2,1,0,2,2,2,2,2,1,0,1,1.5503932547423183,0.5124059142586423,0
0,0,0,0,-0.8816146399115589,1,0,2,1,1,1,1,1,1,0,1,3,-1.4480219034885489,-0.876494160920253,0
1,0,1,0,1.6062151208875237,1,2,0,2,2,2,2,0,0,2,0,3,0.1340564463317581,1.180532664275301,0
1,0,0,0,0.32217395402348126,1,0,0,2,2,0,2,0,0,0,1,3,-0.07521317666034612,0.20579316247932375,0
0,0,1,1,-0.5606043481955483,1,0,0,0,0,0,0,2,0,0,0,3,-0.2744378577488291,-0.4996033043320414,0
0,1,0,0,1.0845733968490068,1,2,1,0,0,2,0,2,2,1,1,2,1.1837528752601518,1.668127882304534,0
0,0,0,1,0.7234368186684946,1,0,2,1,1,1,1,1,1,2,0,1,-1.4731342582476015,-0.5500853950176725,0
0,0,1,1,1.1648259697780095,1,0,0,0,0,2,2,2,2,2,1,0,0.32323618551661987,1.0936601786068172,0
0,0,1,1,1.6062151208875237,1,2,2,1,1,1,1,1,1,2,0,0,-1.3040444028699811,-0.1818975696954965,0
1,0,0,0,-0.2395940564795374,1,0,0,2,0,0,2,2,2,1,0,0,0.363415953131104,-0.1273345239343412,0
0,0,0,0,0.5228053863459879,1,0,0,2,0,2,2,2,2,2,0,0,0.5860788319947029,0.6439208919135259,0
0,0,0,0,-1.2026249316275697,1,0,2,1,1,1,1,1,1,0,0,3,-1.466437630311854,-0.9674476016642611,0
0,0,0,0,1.5259625479585213,1,2,1,0,2,0,0,2,2,1,0,2,1.16366299145291,2.0958841237014925,0
1,1,0,0,-1.122372358698567,1,0,1,2,0,0,0,0,0,0,0,2,0.3751350520186616,-0.8645894963905463,0
1,0,0,1,-1.242751218092071,1,0,2,1,1,1,1,1,1,0,0,3,-1.4831792001512223,-0.9789238786446035,0
1,0,0,0,-0.9217409263760601,1,2,1,0,0,0,0,0,0,0,1,2,0.3918766218580299,-0.6611054104424363,0
1,0,0,0,-0.9217409263760601,1,0,2,1,1,1,1,1,1,1,1,2,-1.4815050431672856,-0.9136511441493371,0
1,0,1,1,1.4457099750295186,0,1,0,2,2,0,0,2,0,1,0,3,-0.647774865166743,0.3575550885199586,0
0,0,0,0,-0.6408569211245508,1,2,1,0,0,2,0,0,2,0,1,2,0.813764181810112,-0.3466013090695623,1
0,0,1,0,0.8036893915974973,1,0,0,2,0,2,0,2,0,1,1,3,0.005146358568621685,0.5500814718895887,0
1,0,1,1,-0.1593414835505348,1,0,2,1,1,1,1,1,1,2,1,1,-1.468111787295791,-0.7678415503735557,0
1,0,0,0,-0.5606043481955483,1,2,1,0,0,2,0,0,2,0,1,1,0.8891012460872695,-0.2676201729946338,1
1,0,1,1,-0.31984662940854014,1,2,2,1,1,1,1,1,1,2,0,3,-1.3375275425487179,-0.7132334111861516,0
0,0,1,0,-0.038962624157030785,1,0,1,0,2,0,0,0,2,0,1,0,0.6597417392879231,0.21799093427964816,0
0,0,0,0,-0.8414883534470575,1,0,0,0,0,0,2,2,2,0,0,3,0.212741824576789,-0.6139151398729743,0
0,1,1,1,-0.1192151970860334,0,1,0,0,2,2,0,0,0,0,1,3,-0.9541455932271833,-0.5255996645645259,0
0,0,1,0,1.6062151208875237,1,2,0,2,2,0,2,0,0,2,0,0,0.020213771424053284,1.17875147393847,0
0,0,0,0,1.48583626149402,1,2,2,1,1,1,1,1,1,2,0,1,-1.3241342866772232,-0.2311846845855317,0
1,0,1,1,1.48583626149402,1,0,1,2,2,0,2,2,2,2,1,1,1.4131123820594977,2.286696956873665,0
1,0,1,1,1.6062151208875237,1,0,0,2,2,0,2,2,0,2,0,0,0.1424272312514422,1.2015687476204078,0
1,1,1,0,1.6062151208875237,1,2,1,0,2,0,0,2,2,2,0,0,1.1452472646296044,2.136828954735483,0
0,0,0,0,0.36230024048798254,1,0,0,2,0,2,2,2,2,1,1,0,0.5258091805729765,0.5095650284049622,0
0,0,0,0,-1.1624986451630681,1,0,2,1,1,1,1,1,1,1,0,3,-1.4697859442797276,-0.9557684042657991,0
0,0,0,0,-0.6809832075890522,1,2,0,2,0,0,0,0,0,0,1,3,-0.2828086426685132,-0.5821242743675078,1
1,0,0,0,-0.9217409263760601,1,0,0,2,0,2,2,0,2,0,1,0,0.13740476029963158,-0.7277084010120448,0
1,1,1,0,-1.001993499305063,1,2,0,2,2,0,2,0,0,0,0,2,0.0017980446007481846,-0.7736811490727868,0
0,1,1,0,1.4055836885650173,1,0,2,1,1,1,1,1,1,2,1,0,-1.476482572215475,-0.4183224035184197,0
1,0,1,1,-0.8013620669825562,1,2,2,1,1,1,1,1,1,2,1,0,-1.3442241704844653,-0.8662804998748797,0
1,0,0,0,1.5259625479585213,1,2,1,2,0,0,2,2,2,2,1,1,1.3344270038144668,2.2814661194287935,1
1,0,1,1,1.6062151208875237,1,2,0,2,2,2,2,2,0,2,1,0,0.5592923202517132,1.5948285179369657,0
0,0,0,0,1.6062151208875237,1,0,2,1,1,1,1,1,1,2,1,0,-1.4396511185688645,-0.3478188315782822,0
0,0,1,0,1.48583626149402,1,2,1,0,0,2,2,2,2,2,0,0,1.379629242380761,2.277182243935149,0
1,0,0,0,-0.038962624157030785,1,0,1,0,2,2,0,2,2,0,1,2,1.2473708406497517,0.4297045705181804,0
0,0,0,0,1.1648259697780095,1,2,0,0,2,2,2,2,2,2,0,1,0.8204608097458594,1.4116590205139798,0
1,0,0,0,-0.2395940564795374,1,2,1,2,2,0,0,2,0,0,1,1,0.9460225835411219,0.07173040624137783,0
0,0,1,1,-0.6007306346600496,1,2,1,2,0,2,0,2,2,0,1,2,1.3411236317502142,-0.20167103710563408,1
1,0,1,1,0.16166880816547585,1,0,0,2,0,2,0,0,2,1,1,1,-0.014943525238620017,-0.001005290298079576,0
1,0,0,1,-0.6408569211245508,1,2,0,2,2,0,0,0,2,0,1,2,0.1658654290265575,-0.4991974634958014,0
1,0,1,0,-0.31984662940854014,1,2,1,0,0,2,0,2,2,0,1,2,1.2356517417621933,0.09066964526591104,1
0,0,1,1,1.1648259697780095,1,2,2,1,1,1,1,1,1,2,1,3,-1.3408758565165915,-0.2882053220772515,0
1,0,0,1,-0.1192151970860334,0,1,0,2,2,2,2,0,0,0,1,3,-0.6410782372309956,-0.42761164932569073,0
0,0,0,0,-0.6408569211245508,1,0,1,0,2,2,0,0,2,0,1,1,0.9728090952841111,-0.278239674876247,1
1,1,1,0,1.365457402100516,1,2,1,0,2,2,2,2,2,1,1,2,1.5637865106138127,2.3904118372461083,1
0,1,0,0,0.5228053863459879,1,0,1,2,2,0,2,0,0,0,1,0,0.7216855476935863,0.7157998133542545,0
1,0,1,1,0.08141623523647323,1,0,2,1,1,1,1,1,1,0,0,3,-1.4513702174564227,-0.701125826238325,0
0,0,1,1,-1.242751218092071,1,0,2,1,1,1,1,1,1,0,0,3,-1.476482572215475,-0.9788336917921056,0
0,0,0,0,0.6030579592749906,1,0,0,0,0,2,2,2,2,2,0,3,0.34500022630779886,0.5950396178597308,0
0,0,1,0,1.4055836885650173,1,0,2,1,1,1,1,1,1,1,1,0,-1.4496960604724858,-0.3893047837272598,0
1,0,1,1,1.0444471103845054,1,2,1,0,0,2,2,2,2,1,1,0,1.3695843004771402,1.7199176823513829,0
1,0,1,1,0.32217395402348126,1,0,2,1,1,1,1,1,1,0,1,0,-1.4647634733279173,-0.6517936179220408,0
1,0,0,0,0.08141623523647323,1,2,1,2,2,2,2,2,2,1,0,1,1.7445954648789908,0.7703403124022854,0
1,0,0,0,-0.35997291587304153,1,2,1,0,0,2,2,2,0,0,1,1,1.0966967120954367,-0.04747406604755938,0
1,0,1,0,-0.40009920233754287,1,0,0,2,0,0,0,2,0,1,1,0,-0.14720192696962991,-0.3681334201034066,0
0,0,0,0,-1.242751218092071,1,2,1,0,0,0,0,0,2,0,1,3,0.713314762773902,-0.9493425910253327,1
0,0,1,1,0.40242652695248393,1,0,1,0,0,2,2,2,2,2,1,2,1.213887700971015,0.9527883150052887,0
0,0,0,0,-0.8013620669825562,1,0,1,0,0,2,0,2,2,1,0,3,1.0498203165452051,-0.48501558094052594,1
1,0,1,1,-1.242751218092071,1,0,1,0,2,0,0,0,0,0,0,1,0.35002269725960916,-0.9542352277733371,0
1,0,1,0,1.2852048291715132,1,0,1,2,0,0,0,0,0,0,1,3,0.3148654005969357,1.160375902742048,0
0,0,1,1,-0.7612357805180548,1,0,2,1,1,1,1,1,1,0,0,3,-1.518336496813896,-0.8745776903046751,0
0,0,1,1,1.6062151208875237,1,2,1,2,0,0,0,0,0,2,0,0,0.4990226688299873,1.5962940542900543,0
0,1,0,0,-1.242751218092071,0,1,0,0,0,0,0,0,0,0,0,3,-1.3090668738217919,-0.9765790204796612,1
0,0,0,0,-0.9217409263760601,1,0,1,0,0,0,0,0,0,0,0,2,0.2294833944161574,-0.6845990855181073,1
0,0,1,0,-0.0790889106215321,1,2,1,0,0,0,0,0,2,0,1,2,0.6982473499184705,0.19548931458145266,1
1,0,1,0,0.04128994877197183,1,0,1,0,0,0,0,2,2,0,0,2,0.9075169729105745,0.3487167769751765,0
0,0,0,0,-1.122372358698567,1,0,1,0,0,2,0,0,2,0,1,1,0.6262585996091865,-0.8437563334635598,0
0,1,1,0,0.6030579592749906,1,2,1,2,0,0,0,0,0,0,0,2,0.5425507504123449,0.7373319243880988,1
1,0,1,0,1.365457402100516,0,1,0,2,2,2,2,2,0,2,1,0,-0.2526738169576503,0.720805183667881,0
0,0,0,1,-0.8816146399115589,1,2,0,2,0,2,2,0,2,1,0,1,0.3148654005969357,-0.6752421995714629,0
0,0,1,1,-0.038962624157030785,1,0,2,1,1,1,1,1,1,2,0,3,-1.4446735895206753,-0.6732580888165117,0
0,0,1,1,-0.1593414835505348,1,0,2,1,1,1,1,1,1,0,1,0,-1.4932241420548433,-0.7426568718135514,0
1,0,0,1,-1.242751218092071,0,1,0,0,0,0,0,0,0,0,0,2,-1.3191118157254127,-0.9767143007584079,1
1,0,1,1,-0.9217409263760601,1,0,2,1,1,1,1,1,1,2,0,3,-1.4915499850709064,-0.8988605003397017,0
0,0,0,1,0.48267909988148655,1,0,2,1,1,1,1,1,1,2,0,3,-1.4815050431672856,-0.5964188904884056,0
1,0,1,1,1.1648259697780095,1,0,0,2,2,2,2,2,2,1,0,0,0.694899035950597,1.3860685011177356,0
1,0,0,0,-1.1624986451630681,1,0,1,0,0,2,2,2,0,0,1,3,0.8104158678422381,-0.8697076002697952,1
0,0,0,0,-0.9618672128405615,1,0,0,0,0,2,2,0,2,0,0,3,-0.0015502693671256155,-0.7605815087474846,0
0,0,1,0,-0.44022548880204415,0,1,0,2,0,0,0,0,0,0,0,2,-1.1935500419301501,-0.7040794456576273,0
0,0,1,0,-1.122372358698567,1,0,0,2,2,0,0,0,0,0,0,3,-0.3162917823472499,-0.8818828253569951,0
0,0,1,1,-1.2828775045565721,1,2,0,0,2,2,2,2,0,2,0,3,0.3081687726611883,-0.987874923755008,0
1,0,0,0,-0.31984662940854014,1,0,2,1,1,1,1,1,1,2,0,3,-1.4530443744403594,-0.7682473912097958,0
0,1,0,0,-1.242751218092071,1,0,1,0,2,0,0,0,0,0,1,2,0.2964496737736307,-0.9549567225933191,1
1,1,0,0,1.4055836885650173,1,2,1,0,0,2,0,2,2,0,1,1,1.2473708406497517,2.09698891264459,0
1,0,0,0,-0.8816146399115589,1,2,1,0,0,0,0,2,0,0,1,0,0.7334046465811439,-0.6117506554130278,1
0,0,0,0,-0.9217409263760601,1,0,0,0,0,0,0,0,0,0,0,2,-0.636055766279185,-0.8000833501415111,1
1,0,0,0,-1.242751218092071,1,0,2,1,1,1,1,1,1,0,1,3,-1.4748084152315382,-0.9788111450789814,1
1,0,0,0,-1.001993499305063,0,1,0,0,0,0,0,0,0,1,1,1,-1.3325050715969073,-0.9198514902585595,0
1,0,1,1,1.2852048291715132,0,1,0,2,0,2,2,2,2,2,1,0,-0.137156985066009,0.7461702359328809,0
0,1,1,0,1.2450785427070121,1,2,1,0,2,2,0,2,2,0,1,2,1.317685433975098,1.933908536615484,0
1,0,0,0,-0.7211094940535535,1,2,0,0,2,0,0,0,0,0,1,1,-0.2895052706042606,-0.641760330581663,0
0,0,0,0,0.28204766755897986,0,1,0,2,2,0,2,0,0,1,1,0,-0.7984489937210578,-0.2526717021931271,0
0,0,1,1,-1.001993499305063,1,2,0,0,0,0,0,0,0,0,0,2,-0.5138423064517963,-0.8301381187363954,0
0,1,0,0,-1.2026249316275697,1,0,1,0,0,0,0,0,0,0,1,2,0.2177642955285997,-0.9236844314897151,1
0,0,0,0,-1.242751218092071,1,0,2,1,1,1,1,1,1,0,1,3,-1.4731342582476015,-0.9787885983658567,1
0,1,0,0,-1.0822460722340657,1,0,1,0,2,0,0,2,0,0,1,2,0.6882024080148496,-0.81088322572812,0
0,0,0,0,0.5228053863459879,1,2,1,2,2,0,0,0,2,1,0,0,1.091674241143626,1.015513270917493,0
0,0,0,0,0.28204766755897986,1,0,0,2,0,0,0,0,0,1,1,2,-0.545651289146596,-0.13723253099597219,0
0,0,1,1,0.9641945374555025,1,2,0,2,0,0,0,2,0,1,0,0,0.03528118427948488,0.5958738462453351,0
1,1,1,1,1.365457402100516,1,2,0,2,2,2,2,2,0,2,0,1,0.5107417677175454,1.3365108256702072,1
1,0,0,0,-1.242751218092071,1,0,1,0,0,0,0,0,2,0,0,2,0.5174383956532924,-0.9519805564608927,1
0,0,0,0,-0.9217409263760601,1,0,1,2,0,0,0,0,0,0,1,1,0.3383035983720515,-0.6994348227539916,1
0,0,1,0,-0.2395940564795374,1,0,0,0,2,0,2,2,2,0,1,2,0.2981238307575674,-0.1042692364080346,0
0,0,0,0,-0.40009920233754287,1,0,0,2,0,0,0,0,0,0,1,2,-0.4803591667730596,-0.5148223356910415,0
0,0,0,0,1.48583626149402,1,2,1,0,2,2,2,2,2,2,1,0,1.552067411726255,2.374042923517762,0
0,0,0,0,0.12154252170097453,1,2,0,2,0,2,2,2,2,1,1,1,0.7300563326132704,0.4145757260116782,1
1,1,0,0,-1.242751218092071,1,0,1,0,0,0,0,0,0,0,1,2,0.2512474352073364,-0.9555654838476791,1
0,0,0,0,-0.7612357805180548,1,0,2,1,1,1,1,1,1,0,0,1,-1.496572456022717,-0.8832130814313374,0
1,0,1,1,-0.0790889106215321,1,2,0,2,2,2,2,0,0,0,0,2,0.11564071950845259,-0.08591621192473689,0
1,0,0,0,-0.8414883534470575,1,0,1,0,0,0,2,0,0,0,1,2,0.32491034250055667,-0.5701970631246768,1
1,0,0,0,1.5259625479585213,0,1,0,0,0,0,2,0,2,2,1,3,-0.8068197786407421,0.2746282776482524,0
0,1,1,1,-0.1593414835505348,0,1,0,0,2,0,0,0,2,1,1,2,-0.8386287613355418,-0.4933804115096948,0
0,1,1,1,0.9240682509910013,1,2,0,2,0,2,2,2,0,1,0,2,0.4052698777295248,0.8855540164681959,0
0,0,1,0,-1.2026249316275697,1,0,1,0,0,0,0,0,0,0,1,1,0.2093935106089156,-0.9180702999217283,0
1,0,0,0,-1.242751218092071,1,0,0,2,0,0,0,0,0,0,1,3,-0.5222130913714805,-0.9659820653111724,1
1,0,0,0,-1.242751218092071,1,0,2,1,1,1,1,1,1,0,0,3,-1.4714601012636646,-0.9787660516527323,0
0,0,1,1,0.8036893915974973,1,0,1,0,2,2,2,0,0,0,0,0,0.7250338616614597,1.0112519421369732,0
1,0,0,0,-1.0822460722340657,1,0,2,1,1,1,1,1,1,0,0,1,-1.476482572215475,-0.9447881549741948,0
1,0,1,1,-0.35997291587304153,1,0,2,1,1,1,1,1,1,2,0,3,-1.4480219034885489,-0.7831507685850534,0
0,0,0,0,-0.35997291587304153,1,0,2,1,1,1,1,1,1,1,1,1,-1.4898758280869697,-0.7722832528590713,0
0,1,0,0,0.20179509462997725,1,2,1,0,0,0,0,2,2,0,1,2,1.0849776132078786,0.6266050162339528,1
1,0,1,1,-0.7612357805180548,1,0,2,1,1,1,1,1,1,1,0,3,-1.478156729199412,-0.8893232406880618,0
0,0,1,1,-1.242751218092071,0,1,0,0,0,0,2,2,0,0,0,2,-0.805145621656805,-0.9697924598292035,1
0,0,0,0,-1.2026249316275697,1,0,2,1,1,1,1,1,1,0,1,3,-1.4630893163439802,-0.9687327643123548,0
1,1,1,0,0.20179509462997725,1,2,1,0,0,0,0,2,2,0,1,2,0.9493708975089955,0.5784001435738908,1
0,0,1,0,1.6062151208875237,1,2,2,1,1,1,1,1,1,2,1,0,-1.3023702458860444,-0.1576147596604699,0
0,0,1,1,-1.1624986451630681,1,2,1,0,0,0,0,0,2,0,1,0,0.6898765649987864,-0.8684449843348264,1
0,0,0,0,-1.0822460722340657,1,0,0,2,0,0,2,0,0,0,0,2,-0.3330333521866182,-0.8488744373428087,1
1,0,0,0,-1.2026249316275697,0,1,0,0,2,2,2,0,0,0,1,1,-0.7951006797531842,-0.9530853454039904,1
0,0,1,0,0.643184245739492,1,0,0,0,2,2,0,0,2,1,1,2,0.05034859713491648,0.407608791656225,0
1,0,0,1,0.12154252170097453,1,0,0,0,0,0,2,2,2,1,1,3,0.2663148480627675,0.13727370129413746,0
0,0,1,1,0.8036893915974973,1,2,2,1,1,1,1,1,1,2,0,3,-1.3760331531792651,-0.4219073309052063,0
1,0,0,0,0.8438156780619986,1,0,2,1,1,1,1,1,1,2,0,0,-1.4898758280869697,-0.5468612150408769,0
0,0,0,0,1.2450785427070121,1,0,0,0,0,2,0,0,2,1,0,1,-0.1873816945841139,0.5919732648748063,0
0,0,0,0,-0.8013620669825562,1,0,0,0,2,0,2,0,0,0,1,2,-0.3296850382187448,-0.6927384489560316,0
1,0,0,0,-0.48035177526654543,1,0,0,0,0,0,2,0,0,0,0,3,-0.4736625388373123,-0.5355653117655303,0
0,0,1,1,1.2049522562425108,1,2,0,0,0,0,0,2,2,0,1,1,0.21106766759285228,0.9513453253653242,0
1,0,0,0,-0.6809832075890522,1,2,2,1,1,1,1,1,1,0,1,2,-1.2655387922394343,-0.8171512119767155,0
0,0,0,0,-0.8013620669825562,1,2,1,0,0,0,0,0,2,0,1,2,0.7501462164205122,-0.5067731591056148,0
1,0,0,0,0.7234368186684946,1,0,1,2,2,0,2,0,2,0,1,1,0.9828540371877319,1.1529354874109812,0
0,0,0,0,-0.7612357805180548,1,0,1,0,2,0,0,0,0,1,1,3,0.3516968542435463,-0.5521596926251213,0
0,0,1,1,1.6062151208875237,0,1,0,2,2,2,2,2,2,2,0,0,0.010168829520432384,1.0539554167946703,0
0,0,1,1,0.8438156780619986,1,2,1,2,2,2,2,0,2,2,1,0,1.3361011607984035,1.52220555496313,0
1,0,0,1,-1.1624986451630681,1,0,2,1,1,1,1,1,1,0,0,3,-1.4798308861833487,-0.9615854562519057,0
0,1,1,0,-0.48035177526654543,1,2,1,0,0,2,0,2,0,0,0,2,0.892449560055143,-0.1081021776391901,1
0,0,1,1,1.1648259697780095,1,2,1,0,2,0,0,2,2,0,1,2,1.172033776372594,1.722262540516325,1
1,0,0,0,0.8839419645265,0,1,0,2,2,0,0,0,2,2,0,0,-0.6008984696165115,0.10877465590483973,0
0,0,0,0,0.16166880816547585,0,1,0,0,2,0,2,0,0,0,1,0,-0.9809321049701725,-0.4164510263290908,0
0,0,0,0,0.24192138109447855,1,2,0,0,2,0,2,0,2,0,0,1,0.1340564463317581,0.20994175769422155,0
0,0,1,1,-1.0822460722340657,0,1,0,0,0,0,0,0,0,0,0,3,-1.3090668738217919,-0.9312826738126527,0
0,1,0,0,-1.1624986451630681,1,0,1,0,0,2,0,0,0,0,0,3,0.36509011011504067,-0.8963803618960128,0
1,0,0,1,-0.27972034294403886,1,0,1,0,2,0,0,2,2,0,1,2,1.0632135724167,0.11635035151465313,1
1,0,0,0,-1.242751218092071,0,1,0,0,0,0,0,0,2,0,1,2,-0.9574939071950569,-0.9718442107235279,1
1,0,0,0,1.48583626149402,0,1,0,2,2,0,2,2,2,2,1,0,-0.137156985066009,0.8955422103823246,0
1,0,0,0,1.6062151208875237,1,2,0,2,2,2,2,0,0,2,0,0,0.1842811558498631,1.2254231701060696,0
0,0,1,1,1.5259625479585213,1,0,2,1,1,1,1,1,1,2,1,1,-1.4731342582476015,-0.3515164925306911,0
1,0,0,0,-0.6007306346600496,1,0,2,1,1,1,1,1,1,2,0,1,-1.496572456022717,-0.8214576341834844,0
0,0,0,1,-1.2026249316275697,1,2,1,2,0,0,0,0,0,0,0,1,0.5492473783480923,-0.9030541889808483,0
0,0,0,0,1.5259625479585213,0,1,0,2,0,2,2,2,2,2,1,0,-0.1940783225198612,0.9124747919387823,0
1,0,1,1,-1.242751218092071,1,0,2,1,1,1,1,1,1,0,0,2,-1.4865275141190961,-0.9789689720708523,0
0,0,1,1,-1.122372358698567,1,0,0,2,0,0,0,0,0,0,0,2,-0.4636175969336913,-0.8899770953686708,0
0,0,0,0,-0.7612357805180548,1,0,1,0,2,2,0,0,0,0,1,2,0.5693372621553345,-0.5584502255868413,1
0,0,1,1,-0.7211094940535535,1,0,2,1,1,1,1,1,1,2,1,3,-1.4882016711030328,-0.8689861054498129,0
0,0,1,1,0.9641945374555025,1,2,1,0,2,2,2,0,2,1,1,1,1.192123660179836,1.5411447939876637,0
1,0,1,1,1.6062151208875237,1,2,1,2,0,2,0,2,2,2,0,0,1.3762809284128876,2.443622080219797,0
0,0,0,0,1.5259625479585213,0,1,0,2,2,2,2,0,0,2,1,0,-0.6544714931024901,0.39114969107538067,0
0,0,1,0,1.4457099750295186,1,2,2,1,1,1,1,1,1,2,1,1,-1.3124151877896655,-0.2596611832617049,0
1,0,0,0,0.9240682509910013,1,2,0,0,0,2,0,2,2,2,1,0,0.4571687442315665,0.9616717199763201,0
0,0,0,0,-0.7612357805180548,1,2,1,2,0,0,0,0,0,0,1,1,0.5308316515247873,-0.5237057406620726,0
1,1,0,0,1.3253311156360146,1,2,1,2,0,2,2,2,2,2,1,2,1.5035168591920867,2.2174560008684963,0
0,0,1,1,-0.9217409263760601,1,0,0,2,0,0,0,0,0,1,0,3,-0.5205389343875435,-0.7974453847059512,0
0,0,0,0,-1.2026249316275697,1,0,2,1,1,1,1,1,1,0,0,3,-1.4982466130066538,-0.9603453870300613,0
0,0,1,0,-0.6007306346600496,1,2,1,2,0,0,0,0,0,0,0,2,0.4940001978781771,-0.37958715037062424,0
0,0,1,0,-1.122372358698567,1,2,1,0,2,0,0,2,0,0,1,2,0.9209102287820695,-0.8231035442415687,1
1,1,1,1,1.4457099750295186,1,2,1,0,2,2,0,0,0,0,1,2,0.6865282510309129,1.575055050526828,0
0,0,0,0,-0.8013620669825562,0,1,0,0,2,2,2,2,2,1,0,2,-0.11706710125876692,-0.6526954864470186,0
0,0,0,0,1.2450785427070121,1,2,1,0,2,0,0,2,2,1,0,0,1.1971461311316467,1.779508645139289,1
1,0,1,1,0.08141623523647323,1,0,1,0,2,2,0,2,0,0,1,2,0.860640577360343,0.40630108229500717,0
1,0,0,0,1.365457402100516,1,2,2,1,1,1,1,1,1,1,0,0,-1.295673617950297,-0.22166997164701618,0
0,1,0,0,-0.7211094940535535,0,1,0,0,0,0,0,2,2,0,1,2,-0.595875998664701,-0.6845314453787339,0
1,0,1,0,-1.1624986451630681,1,0,2,1,1,1,1,1,1,0,0,0,-1.478156729199412,-0.9654860376224347,0
1,0,0,0,1.4055836885650173,1,0,0,0,0,0,2,0,0,2,0,0,-0.4552468120140072,0.4822158653850112,0
0,0,1,1,0.9641945374555025,1,2,2,1,1,1,1,1,1,2,1,3,-1.3291567576290337,-0.3629476760847844,0
0,0,1,1,-0.1593414835505348,1,2,1,0,0,0,2,0,2,1,1,2,0.8807304611675854,0.14363187439523076,0
0,0,1,1,0.643184245739492,1,0,0,2,0,2,2,2,0,1,0,0,0.1859553128337998,0.3755924590195141,0
0,0,0,0,1.0444471103845054,1,2,2,1,1,1,1,1,1,2,1,1,-1.3207859727093496,-0.3029057790343892,0
1,0,0,0,1.4055836885650173,1,0,2,1,1,1,1,1,1,2,0,0,-1.4798308861833487,-0.3963619049352109,0
0,0,1,1,0.44255281341698527,0,1,0,2,0,2,2,2,2,1,1,1,-0.1254378861784511,0.20283954306002167,0
1,0,1,1,1.6062151208875237,1,2,1,0,2,2,2,2,2,2,1,0,1.6106629061640443,2.638380588188747,0
0,1,1,0,0.7234368186684946,1,2,1,0,2,0,0,2,0,0,1,2,0.8003709259386171,0.9815128275258311,1
1,1,1,0,-0.7612357805180548,1,2,1,0,0,0,0,2,2,0,1,2,1.041449531625521,-0.4315798708355929,1
0,0,1,1,1.5259625479585213,1,2,2,1,1,1,1,1,1,2,0,3,-1.3425500135005286,-0.1920886840277453,0
0,0,0,0,-1.122372358698567,1,2,1,0,0,0,2,2,2,0,1,3,1.2289551138264463,-0.80783941945632,0
0,0,1,0,1.5660888344230226,1,0,0,2,0,2,2,2,2,2,0,0,0.5927754599304499,1.6836400209341515,0
1,1,0,0,1.4457099750295186,1,0,2,1,1,1,1,1,1,2,1,1,-1.478156729199412,-0.35837069332052224,0
1,0,1,1,-0.48035177526654543,1,0,0,0,0,2,0,0,0,0,1,2,-0.4870557947088069,-0.5640869038679523,0
1,0,0,0,-0.7612357805180548,1,0,1,0,2,2,0,0,0,0,1,2,0.5241350235890399,-0.5489129659352013,1
1,0,1,0,1.6062151208875237,1,2,0,0,2,2,2,2,2,2,1,0,0.7032698208702812,1.8603160649772972,0
1,0,1,0,-0.1192151970860334,0,1,0,0,0,0,0,2,2,0,1,2,-0.6109434115201325,-0.3870501124148153,0
1,0,0,0,1.5660888344230226,1,2,1,2,0,0,2,0,2,1,0,1,1.121809066854489,2.027905783631293,0
1,1,1,0,-1.2026249316275697,1,0,1,0,0,0,0,0,0,0,0,2,0.1993485687052942,-0.9240000854734571,0
1,0,0,0,-1.0822460722340657,1,0,2,1,1,1,1,1,1,0,0,3,-1.4697859442797276,-0.9383623417337281,0
1,0,1,1,-0.1192151970860334,1,0,0,2,0,0,0,0,2,0,1,3,-0.1321345141141983,-0.1607938462110165,0
1,0,1,1,-0.40009920233754287,1,0,2,1,1,1,1,1,1,1,0,3,-1.4731342582476015,-0.7985276269359244,0
0,0,1,1,0.8438156780619986,1,0,0,0,0,2,0,0,2,1,0,1,-0.1187412582427037,0.4988553396708511,0
1,0,1,0,-0.0790889106215321,1,2,0,0,0,0,0,0,0,0,0,2,-0.4770108528051859,-0.3376502639591578,0
1,1,1,0,-0.7612357805180548,1,0,1,0,0,0,0,0,0,0,0,0,0.21106766759285228,-0.6049866414756944,0
0,0,1,1,-0.9618672128405615,1,0,1,0,0,2,0,2,2,0,1,2,1.0062922349628476,-0.6373637215223964,1
1,0,0,0,-0.9217409263760601,1,2,1,0,0,0,0,0,0,0,1,2,0.4052698777295248,-0.679052594089494,0
0,1,0,0,-1.2026249316275697,1,2,1,0,0,2,0,0,2,0,1,2,0.8171124957779855,-0.9070449572038751,1
0,1,0,0,-1.242751218092071,1,0,1,0,0,0,0,2,2,0,1,2,0.9091911298945115,-0.9467046255897725,1
0,0,0,0,0.04128994877197183,1,2,2,1,1,1,1,1,1,2,0,1,-1.287302833030613,-0.6153581295129388,0
0,0,0,0,-1.2026249316275697,1,2,1,0,0,2,0,0,0,0,0,3,0.550921535332029,-0.9176193656592395,1
0,0,0,0,-0.35997291587304153,1,2,0,0,0,0,2,2,2,1,1,3,0.3215620285326832,-0.1957637982670297,0
0,0,0,0,-0.038962624157030785,0,1,0,2,2,0,2,0,2,2,1,0,-0.4786850097891227,-0.3024097513456514,0
1,0,1,1,-0.8414883534470575,1,0,2,1,1,1,1,1,1,0,0,0,-1.4463477465046117,-0.8673176486786042,0
1,0,0,0,-0.2395940564795374,1,0,2,1,1,1,1,1,1,1,0,3,-1.4982466130066538,-0.7508864221039736,0
0,0,0,0,-1.242751218092071,1,0,2,1,1,1,1,1,1,0,0,3,-1.4948982990387802,-0.9790817056364748,0
1,0,1,1,1.3253311156360146,1,0,2,1,1,1,1,1,1,2,0,3,-1.4815050431672856,-0.4049972960618731,0
1,0,0,0,-0.27972034294403886,1,0,2,1,1,1,1,1,1,0,0,3,-1.45806684539217,-0.7436940206172759,0
0,0,1,0,-0.27972034294403886,1,0,1,0,0,0,2,2,2,0,1,2,1.0381012176576476,0.09242828888961753,0
1,0,1,1,0.643184245739492,1,2,2,1,1,1,1,1,1,2,0,3,-1.3592915833398969,-0.45877120686367284,0
0,0,0,0,-1.1624986451630681,1,0,0,0,2,0,2,2,2,0,1,2,0.3734608950347249,-0.8778018702814707,0
1,0,0,0,-0.9618672128405615,1,0,1,0,0,0,0,0,0,0,1,3,0.1993485687052942,-0.7392523181317604,1
0,0,0,0,-0.8414883534470575,1,0,0,0,0,0,0,2,2,0,1,2,0.025236242375863985,-0.6649608983867163,0
0,0,1,0,-0.6809832075890522,1,0,2,1,1,1,1,1,1,0,0,1,-1.4630893163439802,-0.8387058697236843,0
1,0,0,0,0.8839419645265,1,2,1,2,2,0,2,2,2,2,1,1,1.4683595625294135,1.6097995354515964,0
1,0,0,0,-1.0822460722340657,1,0,1,0,0,0,0,0,0,0,1,2,0.18762946981773648,-0.8415016621511154,1
0,0,1,0,0.6833105322039933,0,1,0,0,2,0,2,2,2,1,1,1,-0.2627187588612715,0.2659928865215901,0
1,0,1,0,-0.8816146399115589,1,2,1,0,0,2,0,2,2,0,1,2,1.1502697355814149,-0.5199178928571659,1
0,0,0,0,-1.122372358698567,1,0,1,0,2,2,2,2,2,1,1,2,1.3896741842843825,-0.7877052046361912,1
0,0,0,0,-0.5204780617310469,1,0,1,2,0,2,2,2,2,0,1,2,1.4214831669791819,-0.1155651396833812,1
1,0,1,1,0.8438156780619986,1,0,0,0,2,0,2,2,0,0,0,1,0.028584556343737386,0.5289777484051089,0
1,0,0,0,-1.0421197857695643,1,0,1,0,2,0,0,2,0,0,1,2,0.6932248789666599,-0.7518108373420759,1
0,0,1,0,1.6062151208875237,1,2,1,2,2,2,2,2,2,2,1,0,1.6575393017142759,2.702007412625929,0
0,0,0,0,-1.242751218092071,1,0,0,0,0,0,0,0,0,0,1,3,-0.6276849813595009,-0.9674025082380123,0
0,0,0,0,-1.2026249316275697,1,0,2,1,1,1,1,1,1,0,0,2,-1.4815050431672856,-0.9619912970881459,0
1,0,1,1,0.763563105132996,1,0,2,1,1,1,1,1,1,1,0,3,-1.4982466130066538,-0.5379552633567214,0
0,0,0,1,-1.122372358698567,1,0,2,1,1,1,1,1,1,0,0,1,-1.4647634733279173,-0.9452616359498082,0
1,0,0,1,-0.9618672128405615,0,1,0,2,0,0,2,0,2,2,1,3,-0.6561456500864271,-0.8330015513031999,0
1,1,0,0,0.28204766755897986,1,2,1,0,0,0,0,2,2,0,1,0,1.0548427874970159,0.7072095156538413,1
0,0,0,0,-0.6007306346600496,1,2,1,2,2,0,0,2,0,0,1,2,1.012988862898595,-0.25848875417923384,1
0,0,0,1,0.36230024048798254,1,2,1,0,2,0,0,2,0,0,1,0,0.8154383387940488,0.6558030097301082,0
1,0,0,0,-1.242751218092071,1,2,1,0,0,0,0,0,0,0,1,2,0.3784833659865356,-0.9538519336502216,1
0,0,0,0,-0.9217409263760601,1,2,1,0,0,0,0,0,0,0,1,2,0.4253597615367666,-0.6886574938805073,0
1,1,1,0,1.6062151208875237,1,2,1,0,2,0,0,2,2,1,1,1,1.1084158109829942,2.2286842640044697,0
1,1,1,0,-0.31984662940854014,1,0,1,0,0,2,0,2,2,0,1,2,0.9711349383001743,0.018181962570822528,1
1,0,1,1,0.6833105322039933,1,2,1,0,2,2,0,2,0,1,1,2,0.9878765081395426,1.0504155828341326,0
1,0,1,0,1.365457402100516,1,2,0,0,0,0,2,0,2,0,0,2,-0.009921054286809616,0.9351793320550978,0
1,0,0,0,-0.31984662940854014,1,0,0,2,0,0,0,0,0,0,1,0,-0.4887299516927438,-0.4420640924384595,1
1,0,0,0,1.4457099750295186,1,2,1,2,2,2,2,2,2,1,1,1,1.7764044475737906,2.6358102628925604,0
0,0,1,1,-1.1624986451630681,1,0,1,0,0,0,0,0,0,0,1,2,0.18093284188198908,-0.8975978844047329,0
1,0,1,0,0.001163662307470518,1,2,1,0,0,2,0,0,0,0,1,2,0.4940001978781771,0.11598960410466193,1
1,0,1,1,1.2049522562425108,1,2,2,1,1,1,1,1,1,2,1,0,-1.3358533855647812,-0.34547397341334013,0
0,0,0,0,-1.1624986451630681,1,2,0,0,0,0,0,0,0,0,1,3,-0.4518984980461334,-0.9196485698404395,1
0,0,0,1,-0.5204780617310469,1,0,0,0,0,0,2,0,0,0,0,3,-0.5138423064517963,-0.5578414643324813,0
1,0,0,0,-1.1624986451630681,0,1,0,0,0,0,2,0,0,0,1,2,-1.1516961173317295,-0.9442019404329594,0
0,0,1,0,0.6833105322039933,1,0,2,1,1,1,1,1,1,1,0,1,-1.4547185314242963,-0.5224882181533526,0
0,0,1,0,1.2852048291715132,1,2,0,2,2,2,2,0,2,2,1,3,0.5743597331071448,1.3251021888292382,0
1,0,0,0,-0.6007306346600496,1,0,1,0,0,2,0,0,0,0,1,2,0.4186631336010196,-0.3955502232627309,1
1,0,1,1,1.1648259697780095,0,1,0,2,0,2,0,0,0,0,0,0,-1.0227860295685933,-0.03315690321353728,0
1,0,1,0,-0.1593414835505348,1,0,0,2,2,0,2,0,0,0,0,3,-0.1086963163390828,-0.1826641579417275,0
1,0,0,0,0.36230024048798254,1,2,2,1,1,1,1,1,1,0,1,0,-1.3023702458860444,-0.5385414778979569,0
1,0,0,0,1.365457402100516,1,0,0,2,2,0,0,0,0,1,1,3,-0.3129434683793764,0.5749279497527262,0
0,1,0,0,-0.48035177526654543,1,2,0,0,0,0,0,0,2,0,1,3,-0.085258118563967,-0.4583202726011839,1
1,0,1,1,1.1246996833135081,1,0,0,2,2,2,2,0,0,1,1,0,0.05704522507066338,0.7835301395800853,0
0,0,0,0,0.5629316728104893,1,0,1,0,0,2,0,0,0,0,1,1,0.3567193251953565,0.6121751198343085,0
0,0,0,0,-1.2026249316275697,1,0,2,1,1,1,1,1,1,0,0,3,-1.4948982990387802,-0.9736479477734835,1
0,0,1,0,1.1246996833135081,1,2,1,2,2,0,0,0,2,0,1,1,1.0029439209949738,1.481396004207886,0
0,0,1,1,0.5228053863459879,1,0,2,1,1,1,1,1,1,2,1,0,-1.478156729199412,-0.5881667934848589,0
1,1,1,0,-1.001993499305063,0,1,0,2,0,0,0,0,0,0,0,0,-1.1500219603477928,-0.8884664655893328,0
0,0,0,0,-0.35997291587304153,1,2,0,2,0,0,0,0,0,0,0,2,-0.326336724250871,-0.4245452963407663,0
0,0,0,0,-0.44022548880204415,1,0,1,0,2,2,0,0,2,0,1,2,0.8673372052960905,-0.14782948616446098,0
1,0,1,0,1.4055836885650173,1,0,1,2,2,0,0,0,2,1,1,1,0.8857529321193955,1.7430506100170624,1
0,0,1,0,0.5228053863459879,1,0,0,0,0,2,0,0,0,0,1,1,-0.4652917539176281,0.013898087077178127,0
1,0,1,1,1.5259625479585213,1,2,0,2,0,2,0,2,0,2,0,1,0.1608429580747473,1.2030793773997452,0
0,0,1,0,1.1246996833135081,1,0,0,2,2,0,2,0,0,2,0,0,-0.1438536130017562,0.582932032911904,0
1,1,0,0,-1.2026249316275697,1,0,1,0,2,0,0,0,0,0,1,2,0.3533710112274831,-0.9132903967393461,1
1,0,1,0,1.5660888344230226,1,2,1,0,2,2,2,2,2,1,1,0,1.6407977318749072,2.59851799938473,0
1,0,1,0,-0.5606043481955483,1,2,1,0,0,0,0,2,2,0,1,2,1.0247079617861528,-0.2249392450500606,0
0,0,0,0,-0.48035177526654543,1,0,2,1,1,1,1,1,1,1,0,3,-1.4948982990387802,-0.8060807758326133,0
0,1,0,0,-0.5606043481955483,1,2,1,0,2,0,2,0,0,0,1,2,0.713314762773902,-0.308835564586118,1
0,0,1,1,-0.9217409263760601,1,2,1,0,0,0,0,2,0,0,1,0,0.7099664488060281,-0.6475773825677696,1
1,0,1,0,-1.122372358698567,1,0,1,0,0,0,0,0,0,0,0,2,0.212741824576789,-0.8552100637307775,0
0,0,0,0,1.6062151208875237,1,2,1,2,2,2,2,2,2,2,1,1,1.627404476003412,2.706449115111445,0
0,0,1,1,-0.8013620669825562,1,0,2,1,1,1,1,1,1,1,0,0,-1.4848533571351592,-0.8843404170875596,1
1,0,0,0,-0.7612357805180548,0,1,0,2,0,0,2,2,0,0,1,1,-0.6226625104076905,-0.7186671690491426,1
1,0,0,1,-0.9217409263760601,1,0,2,1,1,1,1,1,1,0,0,3,-1.4647634733279173,-0.904857926030804,0
1,0,1,1,1.5660888344230226,1,2,0,2,0,2,2,2,2,1,0,2,0.713314762773902,1.8533942240480927,0
0,0,1,0,1.5259625479585213,1,2,1,0,0,2,0,2,2,1,1,2,1.2590899395373092,2.1999146580576783,0
0,0,1,0,-1.1624986451630681,1,0,2,1,1,1,1,1,1,0,1,3,-1.4815050431672856,-0.9672446812461414,0
1,0,1,0,-1.1624986451630681,1,2,1,0,0,0,2,0,0,0,1,0,0.5191125526372296,-0.8743522231734308,1
1,0,0,0,-1.242751218092071,1,0,0,0,0,0,0,0,0,0,1,2,-0.647774865166743,-0.9676730687955057,0
1,0,0,0,-0.40009920233754287,1,0,1,0,0,0,0,0,0,0,1,3,0.1859553128337998,-0.3158024989415713,0
1,0,0,0,0.5629316728104893,0,1,0,2,0,2,2,0,0,2,0,3,-0.8670894300624679,-0.1963274660951408,0
0,0,1,1,1.6062151208875237,1,2,0,2,0,2,2,2,2,2,1,0,0.6714608381754813,1.7116655853478362,0
1,0,1,1,0.36230024048798254,1,0,2,1,1,1,1,1,1,2,1,3,-1.478156729199412,-0.5911429596172856,0
0,0,0,0,-1.0822460722340657,1,0,1,0,0,0,2,0,2,0,1,1,0.7116406057899654,-0.7958220213609911,1
0,0,0,0,0.8438156780619986,1,0,2,1,1,1,1,1,1,2,0,1,-1.4831792001512223,-0.5145743218466726,0
0,0,0,0,-0.35997291587304153,1,2,0,2,0,2,0,2,2,1,1,2,0.482281098990619,-0.1567805312748655,0
0,0,0,0,0.36230024048798254,1,2,0,0,2,0,0,0,0,1,1,1,-0.2627187588612715,0.07813367276871994,0
0,0,0,0,-0.48035177526654543,1,0,0,0,0,0,0,0,0,0,1,2,-0.6628422780221743,-0.5697912222884367,0
0,0,1,1,0.9240682509910013,1,2,1,2,2,0,0,0,0,0,1,2,0.701595663886344,1.0868510712432349,0
1,0,1,0,1.5259625479585213,1,0,1,2,2,0,2,0,0,2,0,0,0.6848540940469756,1.5852461648590763,0
0,1,1,0,-0.1994677700150361,1,0,1,2,0,0,0,0,0,0,1,0,0.3701125810668514,-0.11786490442207459,1
0,0,0,0,0.9641945374555025,1,0,0,2,0,2,2,0,0,1,1,1,-0.1304603571302616,0.49242952643038457,0
0,0,0,0,-1.1624986451630681,1,2,2,1,1,1,1,1,1,0,0,3,-1.3241342866772232,-0.9489367501890927,0
0,0,1,1,-0.7612357805180548,1,0,0,0,0,0,0,0,2,0,0,2,-0.2744378577488291,-0.6567313480962942,1
1,1,1,0,0.36230024048798254,1,2,1,2,0,2,0,0,0,0,1,0,0.6563934253200496,0.4882809312154869,1
1,0,1,0,-0.8013620669825562,1,0,0,0,0,2,2,2,2,0,1,2,0.334955284404178,-0.6535522615457474,0
1,0,0,0,0.8036893915974973,1,0,0,2,0,2,0,0,0,1,0,2,-0.3481007650420498,0.2705247758596035,0
1,0,0,1,-0.7211094940535535,1,0,0,2,2,2,2,0,2,2,0,0,0.4002474067777141,-0.5122294636817304,0
0,0,1,1,-1.242751218092071,1,0,2,1,1,1,1,1,1,0,0,2,-1.496572456022717,-0.9791042523495991,0
0,0,1,0,0.40242652695248393,0,1,0,0,2,0,2,0,0,1,0,3,-1.0244601865525305,-0.3361396341798201,1
1,0,1,0,-1.122372358698567,1,0,1,0,0,2,2,0,0,0,1,3,0.550921535332029,-0.8439592538816797,1
1,0,1,0,-0.9217409263760601,1,0,0,0,0,2,0,2,2,0,1,3,0.19767441172135738,-0.7333676260062804,0
0,0,1,0,-1.0421197857695643,1,0,0,0,0,0,0,0,0,0,0,3,-0.6193141964398168,-0.8420202365529775,0
1,0,0,0,1.2049522562425108,1,2,1,2,2,2,0,0,0,0,0,0,0.8891012460872695,1.5312467869260324,0
1,1,1,0,1.6062151208875237,1,2,0,2,2,2,0,2,2,2,1,1,0.6681125242076074,1.7094560074616405,0
1,0,0,0,-1.242751218092071,1,0,0,0,0,0,0,0,0,0,0,3,-0.597550155648638,-0.9669966674017724,1
1,0,1,0,1.5259625479585213,1,0,1,2,2,2,2,0,2,2,0,1,1.2339775847782568,2.2072197931099984,0
1,0,0,0,-0.9217409263760601,0,1,0,0,0,0,0,0,0,0,1,2,-1.3124151877896655,-0.9020846803164971,0
1,0,0,1,-0.9217409263760601,1,0,2,1,1,1,1,1,1,1,0,3,-1.4748084152315382,-0.9020846803164971,0
1,0,1,0,1.1648259697780095,1,2,1,0,2,2,0,2,2,0,1,2,1.3863258703165087,1.8446460993558087,1
0,0,1,1,1.4055836885650173,1,0,2,1,1,1,1,1,1,2,1,0,-1.5032690839584641,-0.3687872747840154,0
0,0,0,0,-1.001993499305063,1,0,0,2,0,0,0,0,2,1,1,2,-0.16896596776080872,-0.8213674473309865,0
0,0,1,1,0.7234368186684946,1,2,0,2,2,2,2,0,2,1,1,0,0.532505808508724,0.8348915520775694,0
1,0,1,0,1.5259625479585213,1,2,1,0,2,2,0,2,0,1,1,0,1.0330787467058369,1.989598918032861,0
0,0,0,0,1.3253311156360146,1,2,1,0,2,0,2,2,2,1,1,0,1.3695843004771402,2.0533384760356657,0
1,0,1,0,1.1648259697780095,1,2,1,0,2,2,2,2,2,0,1,2,1.6726067145697068,2.228255876455105,0
0,0,1,1,1.3253311156360146,1,2,0,2,2,2,2,2,2,2,1,3,0.8807304611675854,1.6987463187275291,0
0,0,0,0,-1.242751218092071,1,0,1,0,0,0,0,0,0,0,1,2,0.1993485687052942,-0.9562644319545371,1
1,0,0,0,-0.8013620669825562,1,0,1,2,0,2,0,0,0,0,0,0,0.5877529889786396,-0.60070276598205,1
1,0,0,0,-1.242751218092071,1,0,1,0,0,0,0,2,2,0,1,2,0.8505956354567221,-0.9474937605491279,1
0,0,0,0,0.5629316728104893,1,2,1,0,0,2,0,2,2,1,1,2,1.2373258987461302,1.1199721928230435,0
1,0,0,0,-1.0822460722340657,1,2,1,0,0,2,0,2,0,0,1,2,0.9493708975089955,-0.7837369831262889,1
1,1,1,0,1.2852048291715132,1,2,1,0,2,2,0,0,2,0,1,2,1.0079663919467845,1.7544367001449068,0
0,0,1,1,1.0043208239200043,1,2,0,2,2,0,2,0,0,0,0,0,0.03528118427948488,0.6751029961646324,0
1,0,0,0,-0.8816146399115589,1,2,0,2,0,0,0,0,0,0,1,1,-0.3229884102829973,-0.7316540758088226,0
0,0,0,0,-1.242751218092071,1,0,1,0,0,0,0,0,0,0,1,2,0.2043710396571049,-0.9561967918151635,0
1,0,0,0,0.8036893915974973,1,0,0,2,2,0,0,2,0,2,1,1,-0.030010938094051615,0.519350301900971,0
0,0,1,1,1.6062151208875237,0,1,0,0,2,2,2,2,2,2,1,2,-0.1388311420499457,0.9349087714976043,0
1,0,0,0,1.365457402100516,1,2,0,2,2,2,2,0,0,2,0,0,0.1541463301389999,1.01767775537744,0
0,0,0,0,0.20179509462997725,1,0,2,1,1,1,1,1,1,2,0,3,-1.4848533571351592,-0.6211300880727966,0
0,0,0,0,0.16166880816547585,1,2,0,0,2,0,2,0,2,1,1,3,0.2194384525125365,0.14484939690395066,0
1,0,0,0,-1.242751218092071,1,0,1,0,0,0,0,0,2,0,1,2,0.5057192967657348,-0.9521383834527637,1
0,0,0,0,-0.038962624157030785,1,0,2,1,1,1,1,1,1,1,0,3,-1.4463477465046117,-0.6797740889094762,0
